"id","recordFrom","carBrandId","carSetName","carSetFirstName","createTime","createUser","modifyTime","modifyUser"
"1004","py20160224","199","捷达","1","2016-02-24 23:17:37","python","",""
"1005","py20160224","200","奥迪A6L","1","2016-02-24 23:17:37","python","",""
"1006","py20160224","201","马自达6","2","2016-02-24 23:17:37","python","",""
"1007","py20160224","202","大切诺基","2","2016-02-24 23:17:37","python","",""
"1008","py20160224","203","兰德酷路泽","4","2016-02-24 23:17:37","python","",""
"1009","py20160224","203","普拉多","4","2016-02-24 23:17:37","python","",""
"1010","py20160224","204","凯迪拉克SRX","4","2016-02-24 23:17:37","python","",""
"1011","py20160224","205","索纳塔八","5","2016-02-24 23:17:37","python","",""
"1012","py20160224","205","伊兰特","5","2016-02-24 23:17:37","python","",""
"1013","py20160224","206","奔驰A级","5","2016-02-24 23:17:37","python","",""
"1014","py20160224","207","帕拉丁","5","2016-02-24 23:17:37","python","",""
"1015","py20160224","206","奔驰C级(进口)","5","2016-02-24 23:17:38","python","",""
"1016","py20160224","206","奔驰M级","5","2016-02-24 23:17:38","python","",""
"1017","py20160224","206","奔驰S级","5","2016-02-24 23:17:38","python","",""
"1018","py20160224","206","奔驰G级","6","2016-02-24 23:17:38","python","",""
"1019","py20160224","208","阳光","6","2016-02-24 23:17:38","python","",""
"1020","py20160224","209","宝马5系","6","2016-02-24 23:17:38","python","",""
"1021","py20160224","209","宝马3系","6","2016-02-24 23:17:38","python","",""
"1022","py20160224","210","揽胜","6","2016-02-24 23:17:38","python","",""
"1023","py20160224","211","北斗星","7","2016-02-24 23:17:38","python","",""
"1024","py20160224","210","神行者2","7","2016-02-24 23:17:38","python","",""
"1025","py20160224","212","雅阁","7","2016-02-24 23:17:38","python","",""
"1026","py20160224","212","飞度","8","2016-02-24 23:17:38","python","",""
"1027","py20160224","213","途锐","8","2016-02-24 23:17:38","python","",""
"1028","py20160224","213","夏朗","8","2016-02-24 23:17:38","python","",""
"1029","py20160224","214","羚羊","9","2016-02-24 23:17:38","python","",""
"1030","py20160224","215","领航员","9","2016-02-24 23:17:38","python","",""
"1031","py20160224","216","爱丽舍","9","2016-02-24 23:17:39","python","",""
"1032","py20160224","217","夏利","1","2016-02-24 23:17:39","python","",""
"1033","py20160224","218","野马","1","2016-02-24 23:17:39","python","",""
"1034","py20160224","219","普瑞维亚","1","2016-02-24 23:17:39","python","",""
"1035","py20160224","203","花冠","1","2016-02-24 23:17:39","python","",""
"1036","py20160224","220","凯美瑞","1","2016-02-24 23:17:39","python","",""
"1037","py20160224","203","威驰","1","2016-02-24 23:17:39","python","",""
"1038","py20160224","221","雷克萨斯GX","1","2016-02-24 23:17:39","python","",""
"1039","py20160224","222","蒙迪欧","1","2016-02-24 23:17:39","python","",""
"1040","py20160224","223","牧马人","1","2016-02-24 23:17:39","python","",""
"1041","py20160224","224","中华尊驰","1","2016-02-24 23:17:39","python","",""
"1042","py20160224","225","英伦C5","1","2016-02-24 23:17:39","python","",""
"1043","py20160224","226","思域","1","2016-02-24 23:17:39","python","",""
"1044","py20160224","227","主席","1","2016-02-24 23:17:39","python","",""
"1045","py20160224","228","POLO","1","2016-02-24 23:17:39","python","",""
"1046","py20160224","229","奥迪A8","1","2016-02-24 23:17:39","python","",""
"1047","py20160224","229","奥迪TT","1","2016-02-24 23:17:39","python","",""
"1048","py20160224","230","宝马7系","1","2016-02-24 23:17:39","python","",""
"1049","py20160224","231","乐驰","1","2016-02-24 23:17:39","python","",""
"1050","py20160224","230","宝马X5","1","2016-02-24 23:17:39","python","",""
"1051","py20160224","230","宝马Z4","1","2016-02-24 23:17:39","python","",""
"1052","py20160224","232","保时捷911","1","2016-02-24 23:17:39","python","",""
"1053","py20160224","233","赛欧","1","2016-02-24 23:17:40","python","",""
"1054","py20160224","234","君威","1","2016-02-24 23:17:40","python","",""
"1055","py20160224","234","别克GL8","1","2016-02-24 23:17:40","python","",""
"1056","py20160224","232","Boxster","1","2016-02-24 23:17:40","python","",""
"1057","py20160224","232","卡宴","1","2016-02-24 23:17:40","python","",""
"1058","py20160224","235","沃尔沃XC90","1","2016-02-24 23:17:40","python","",""
"1059","py20160224","236","捷豹XJ","1","2016-02-24 23:17:40","python","",""
"1060","py20160224","237","梅甘娜","1","2016-02-24 23:17:40","python","",""
"1061","py20160224","238","奔驰E级","1","2016-02-24 23:17:40","python","",""
"1062","py20160224","221","雷克萨斯IS","2","2016-02-24 23:17:40","python","",""
"1063","py20160224","230","宝马5系(进口)","2","2016-02-24 23:17:40","python","",""
"1064","py20160224","239","MINI","2","2016-02-24 23:17:40","python","",""
"1065","py20160224","213","甲壳虫","2","2016-02-24 23:17:40","python","",""
"1066","py20160224","213","辉腾","2","2016-02-24 23:17:40","python","",""
"1067","py20160224","206","奔驰SL级","2","2016-02-24 23:17:40","python","",""
"1068","py20160224","240","雅科仕","2","2016-02-24 23:17:40","python","",""
"1069","py20160224","221","雷克萨斯GS","2","2016-02-24 23:17:41","python","",""
"1070","py20160224","241","途乐","2","2016-02-24 23:17:41","python","",""
"1071","py20160224","242","幻影","2","2016-02-24 23:17:41","python","",""
"1072","py20160224","243","阿斯顿・马丁DB9","2","2016-02-24 23:17:41","python","",""
"1073","py20160224","206","奔驰SLK级","2","2016-02-24 23:17:41","python","",""
"1074","py20160224","230","宝马6系","2","2016-02-24 23:17:41","python","",""
"1075","py20160224","230","宝马X3","2","2016-02-24 23:17:41","python","",""
"1076","py20160224","244","Elise","2","2016-02-24 23:17:41","python","",""
"1077","py20160224","245","索兰托","2","2016-02-24 23:17:41","python","",""
"1078","py20160224","246","翼豹","2","2016-02-24 23:17:41","python","",""
"1079","py20160224","246","森林人","2","2016-02-24 23:17:41","python","",""
"1080","py20160224","246","傲虎","2","2016-02-24 23:17:41","python","",""
"1081","py20160224","246","力狮","2","2016-02-24 23:17:41","python","",""
"1082","py20160224","247","总裁","2","2016-02-24 23:17:41","python","",""
"1083","py20160224","248","欧陆","3","2016-02-24 23:17:41","python","",""
"1084","py20160224","204","凯迪拉克CTS(进口)","3","2016-02-24 23:17:41","python","",""
"1085","py20160224","226","本田CR-V","3","2016-02-24 23:17:41","python","",""
"1086","py20160224","230","宝马3系(进口)","3","2016-02-24 23:17:41","python","",""
"1087","py20160224","228","途安","3","2016-02-24 23:17:41","python","",""
"1088","py20160224","219","普拉多(进口)","3","2016-02-24 23:17:41","python","",""
"1089","py20160224","221","雷克萨斯LS","3","2016-02-24 23:17:41","python","",""
"1090","py20160224","249","克莱斯勒300C(进口)","3","2016-02-24 23:17:42","python","",""
"1091","py20160224","250","双环SCEO","3","2016-02-24 23:17:42","python","",""
"1092","py20160224","221","雷克萨斯RX经典","3","2016-02-24 23:17:42","python","",""
"1093","py20160224","221","雷克萨斯LX","3","2016-02-24 23:17:42","python","",""
"1094","py20160224","251","明锐(进口)","3","2016-02-24 23:17:42","python","",""
"1095","py20160224","205","途胜","3","2016-02-24 23:17:42","python","",""
"1096","py20160224","214","雨燕","3","2016-02-24 23:17:42","python","",""
"1097","py20160224","222","福克斯","3","2016-02-24 23:17:42","python","",""
"1098","py20160224","206","奔驰CLS级","3","2016-02-24 23:17:42","python","",""
"1099","py20160224","229","奥迪A3(进口)","3","2016-02-24 23:17:42","python","",""
"1100","py20160224","203","普锐斯","3","2016-02-24 23:17:42","python","",""
"1101","py20160224","213","高尔夫(进口)","3","2016-02-24 23:17:42","python","",""
"1102","py20160224","230","宝马1系","3","2016-02-24 23:17:42","python","",""
"1103","py20160224","203","锐志","3","2016-02-24 23:17:42","python","",""
"1104","py20160224","252","帕杰罗","3","2016-02-24 23:17:42","python","",""
"1105","py20160224","253","晶锐","3","2016-02-24 23:17:42","python","",""
"1106","py20160224","243","V8","3","2016-02-24 23:17:42","python","",""
"1107","py20160224","243","Vanquish","3","2016-02-24 23:17:42","python","",""
"1108","py20160224","254","威航","3","2016-02-24 23:17:42","python","",""
"1109","py20160224","233","景程","3","2016-02-24 23:17:42","python","",""
"1110","py20160224","206","奔驰B级","3","2016-02-24 23:17:42","python","",""
"1111","py20160224","221","雷克萨斯ES","4","2016-02-24 23:17:42","python","",""
"1112","py20160224","235","沃尔沃S60","4","2016-02-24 23:17:42","python","",""
"1113","py20160224","255","比亚迪F3","4","2016-02-24 23:17:43","python","",""
"1114","py20160224","225","自由舰","4","2016-02-24 23:17:43","python","",""
"1115","py20160224","224","中华骏捷","4","2016-02-24 23:17:43","python","",""
"1116","py20160224","229","奥迪Q7","4","2016-02-24 23:17:43","python","",""
"1117","py20160224","256","赛拉图","4","2016-02-24 23:17:43","python","",""
"1118","py20160224","232","Cayman","4","2016-02-24 23:17:43","python","",""
"1119","py20160224","257","永源A380","4","2016-02-24 23:17:43","python","",""
"1120","py20160224","208","骐达","4","2016-02-24 23:17:43","python","",""
"1121","py20160224","211","利亚纳","4","2016-02-24 23:17:43","python","",""
"1122","py20160224","258","马自达2","4","2016-02-24 23:17:43","python","",""
"1123","py20160224","241","日产GT-R","4","2016-02-24 23:17:43","python","",""
"1124","py20160224","241","贵士","4","2016-02-24 23:17:43","python","",""
"1125","py20160224","199","速腾","4","2016-02-24 23:17:43","python","",""
"1126","py20160224","240","雅尊","4","2016-02-24 23:17:43","python","",""
"1127","py20160224","225","金刚","4","2016-02-24 23:17:43","python","",""
"1128","py20160224","208","轩逸","4","2016-02-24 23:17:43","python","",""
"1129","py20160224","206","奔驰E级(进口)","4","2016-02-24 23:17:43","python","",""
"1130","py20160224","245","佳乐","4","2016-02-24 23:17:43","python","",""
"1131","py20160224","227","爱腾","4","2016-02-24 23:17:43","python","",""
"1132","py20160224","259","蓝瑟","4","2016-02-24 23:17:43","python","",""
"1133","py20160224","204","凯雷德ESCALADE","4","2016-02-24 23:17:43","python","",""
"1134","py20160224","260","奔腾B70","4","2016-02-24 23:17:43","python","",""
"1135","py20160224","206","奔驰GL级","4","2016-02-24 23:17:43","python","",""
"1136","py20160224","206","奔驰R级","4","2016-02-24 23:17:43","python","",""
"1137","py20160224","261","福美来","4","2016-02-24 23:17:43","python","",""
"1138","py20160224","229","奥迪A4(进口)","4","2016-02-24 23:17:43","python","",""
"1139","py20160224","229","奥迪A6(进口)","4","2016-02-24 23:17:43","python","",""
"1140","py20160224","262","C4","4","2016-02-24 23:17:43","python","",""
"1141","py20160224","225","远景","4","2016-02-24 23:17:44","python","",""
"1142","py20160224","263","圣达菲经典","4","2016-02-24 23:17:44","python","",""
"1143","py20160224","264","荣威750","4","2016-02-24 23:17:44","python","",""
"1144","py20160224","259","三菱戈蓝","4","2016-02-24 23:17:44","python","",""
"1145","py20160224","227","享御","4","2016-02-24 23:17:44","python","",""
"1146","py20160224","265","欧蓝德(进口)","4","2016-02-24 23:17:44","python","",""
"1147","py20160224","199","迈腾","4","2016-02-24 23:17:44","python","",""
"1148","py20160224","222","麦柯斯","4","2016-02-24 23:17:44","python","",""
"1149","py20160224","266","超级维特拉","5","2016-02-24 23:17:44","python","",""
"1150","py20160224","267","陆风X6","5","2016-02-24 23:17:44","python","",""
"1151","py20160224","245","起亚VQ","5","2016-02-24 23:17:44","python","",""
"1152","py20160224","223","指南者","5","2016-02-24 23:17:44","python","",""
"1153","py20160224","266","吉姆尼(进口)","5","2016-02-24 23:17:44","python","",""
"1154","py20160224","229","奥迪R8","5","2016-02-24 23:17:44","python","",""
"1155","py20160224","219","FJ","5","2016-02-24 23:17:44","python","",""
"1156","py20160224","227","路帝","5","2016-02-24 23:17:44","python","",""
"1157","py20160224","253","明锐","5","2016-02-24 23:17:44","python","",""
"1158","py20160224","223","大切诺基(进口)","5","2016-02-24 23:17:44","python","",""
"1159","py20160224","208","骊威","5","2016-02-24 23:17:44","python","",""
"1160","py20160224","268","讴歌MDX","5","2016-02-24 23:17:44","python","",""
"1161","py20160224","203","卡罗拉","5","2016-02-24 23:17:44","python","",""
"1162","py20160224","228","帕萨特","5","2016-02-24 23:17:44","python","",""
"1163","py20160224","214","天语","5","2016-02-24 23:17:44","python","",""
"1164","py20160224","264","MG5","5","2016-02-24 23:17:44","python","",""
"1165","py20160224","264","荣威550","5","2016-02-24 23:17:44","python","",""
"1166","py20160224","229","奥迪A5","5","2016-02-24 23:17:45","python","",""
"1167","py20160224","213","迈腾(进口)","5","2016-02-24 23:17:45","python","",""
"1168","py20160224","219","兰德酷路泽(进口)","5","2016-02-24 23:17:45","python","",""
"1169","py20160224","247","GranTurismo","5","2016-02-24 23:17:45","python","",""
"1170","py20160224","269","景逸","5","2016-02-24 23:17:45","python","",""
"1171","py20160224","264","MG","5","2016-02-24 23:17:45","python","",""
"1172","py20160224","213","Tiguan","5","2016-02-24 23:17:45","python","",""
"1173","py20160224","207","奥丁","5","2016-02-24 23:17:45","python","",""
"1174","py20160224","207","御轩","5","2016-02-24 23:17:45","python","",""
"1175","py20160224","208","逍客","5","2016-02-24 23:17:45","python","",""
"1176","py20160224","256","狮跑","5","2016-02-24 23:17:45","python","",""
"1177","py20160224","270","猎豹CS6","5","2016-02-24 23:17:45","python","",""
"1178","py20160224","271","马自达5","5","2016-02-24 23:17:45","python","",""
"1179","py20160224","255","比亚迪F0","5","2016-02-24 23:17:45","python","",""
"1180","py20160224","265","帕杰罗(进口)","5","2016-02-24 23:17:45","python","",""
"1181","py20160224","235","沃尔沃XC60(进口)","5","2016-02-24 23:17:45","python","",""
"1182","py20160224","205","悦动","5","2016-02-24 23:17:45","python","",""
"1183","py20160224","230","宝马X6","5","2016-02-24 23:17:45","python","",""
"1184","py20160224","238","奔驰C级","5","2016-02-24 23:17:45","python","",""
"1185","py20160224","236","捷豹XF","5","2016-02-24 23:17:45","python","",""
"1186","py20160224","245","霸锐","5","2016-02-24 23:17:45","python","",""
"1187","py20160224","272","昂科雷","5","2016-02-24 23:17:45","python","",""
"1188","py20160224","229","奥迪Q5(进口)","5","2016-02-24 23:17:45","python","",""
"1189","py20160224","273","力帆620","5","2016-02-24 23:17:45","python","",""
"1190","py20160224","273","力帆320","5","2016-02-24 23:17:45","python","",""
"1191","py20160224","274","菲亚特500","6","2016-02-24 23:17:45","python","",""
"1192","py20160224","275","酷威","6","2016-02-24 23:17:45","python","",""
"1193","py20160224","259","V3菱悦","6","2016-02-24 23:17:45","python","",""
"1194","py20160224","225","熊猫","6","2016-02-24 23:17:46","python","",""
"1195","py20160224","228","朗逸","6","2016-02-24 23:17:46","python","",""
"1196","py20160224","276","和悦","6","2016-02-24 23:17:46","python","",""
"1197","py20160224","277","smart","6","2016-02-24 23:17:46","python","",""
"1198","py20160224","278","勇士","6","2016-02-24 23:17:46","python","",""
"1199","py20160224","279","北京40","6","2016-02-24 23:17:46","python","",""
"1200","py20160224","213","迈特威","6","2016-02-24 23:17:46","python","",""
"1201","py20160224","260","奔腾B50","6","2016-02-24 23:17:46","python","",""
"1202","py20160224","199","宝来","6","2016-02-24 23:17:46","python","",""
"1203","py20160224","208","天籁","6","2016-02-24 23:17:46","python","",""
"1204","py20160224","267","陆风X9","6","2016-02-24 23:17:46","python","",""
"1205","py20160224","216","世嘉","6","2016-02-24 23:17:46","python","",""
"1206","py20160224","229","奥迪A1","6","2016-02-24 23:17:46","python","",""
"1207","py20160224","201","睿翼","6","2016-02-24 23:17:46","python","",""
"1208","py20160224","208","奇骏","6","2016-02-24 23:17:46","python","",""
"1209","py20160224","233","科鲁兹","6","2016-02-24 23:17:46","python","",""
"1210","py20160224","271","马自达CX-7(进口)","6","2016-02-24 23:17:46","python","",""
"1211","py20160224","222","嘉年华","6","2016-02-24 23:17:46","python","",""
"1212","py20160224","280","迷迪","6","2016-02-24 23:17:46","python","",""
"1213","py20160224","259","君阁","6","2016-02-24 23:17:47","python","",""
"1214","py20160224","213","尚酷","6","2016-02-24 23:17:47","python","",""
"1215","py20160224","271","马自达MX-5","6","2016-02-24 23:17:47","python","",""
"1216","py20160224","281","旗胜F1","6","2016-02-24 23:17:47","python","",""
"1217","py20160224","282","California","6","2016-02-24 23:17:47","python","",""
"1218","py20160224","283","科迈罗","6","2016-02-24 23:17:47","python","",""
"1219","py20160224","244","Evora","6","2016-02-24 23:17:47","python","",""
"1220","py20160224","218","锐界(进口)","6","2016-02-24 23:17:47","python","",""
"1221","py20160224","237","科雷傲","6","2016-02-24 23:17:47","python","",""
"1222","py20160224","200","奥迪A4L","6","2016-02-24 23:17:47","python","",""
"1223","py20160224","284","沃尔沃S80L","6","2016-02-24 23:17:47","python","",""
"1224","py20160224","212","锋范经典","6","2016-02-24 23:17:47","python","",""
"1225","py20160224","241","日产370Z","7","2016-02-24 23:17:47","python","",""
"1226","py20160224","232","Panamera","7","2016-02-24 23:17:47","python","",""
"1227","py20160224","218","福克斯(进口)","7","2016-02-24 23:17:47","python","",""
"1228","py20160224","270","飞腾","7","2016-02-24 23:17:47","python","",""
"1229","py20160224","218","嘉年华(进口)","7","2016-02-24 23:17:47","python","",""
"1230","py20160224","285","伊比飒","7","2016-02-24 23:17:47","python","",""
"1231","py20160224","285","LEON","7","2016-02-24 23:17:47","python","",""
"1232","py20160224","286","INSIGHT","7","2016-02-24 23:17:47","python","",""
"1233","py20160224","287","威兹曼GT","7","2016-02-24 23:17:47","python","",""
"1234","py20160224","229","奥迪A7","7","2016-02-24 23:17:47","python","",""
"1235","py20160224","240","劳恩斯-酷派","7","2016-02-24 23:17:47","python","",""
"1236","py20160224","215","林肯MKX","7","2016-02-24 23:17:47","python","",""
"1237","py20160224","219","威飒","7","2016-02-24 23:17:47","python","",""
"1238","py20160224","203","一汽丰田RAV4","7","2016-02-24 23:17:47","python","",""
"1239","py20160224","220","汉兰达","7","2016-02-24 23:17:47","python","",""
"1240","py20160224","223","自由客","7","2016-02-24 23:17:47","python","",""
"1241","py20160224","213","大众up!","7","2016-02-24 23:17:47","python","",""
"1242","py20160224","288","东风风神S30","7","2016-02-24 23:17:48","python","",""
"1243","py20160224","216","雪铁龙C5","7","2016-02-24 23:17:48","python","",""
"1244","py20160224","215","林肯MKZ","7","2016-02-24 23:17:48","python","",""
"1245","py20160224","255","比亚迪M6","7","2016-02-24 23:17:48","python","",""
"1246","py20160224","225","经典帝豪","7","2016-02-24 23:17:48","python","",""
"1247","py20160224","225","吉利EC8","8","2016-02-24 23:17:48","python","",""
"1248","py20160224","210","第四代发现","8","2016-02-24 23:17:48","python","",""
"1249","py20160224","268","讴歌ZDX","8","2016-02-24 23:17:48","python","",""
"1250","py20160224","200","奥迪Q5","8","2016-02-24 23:17:48","python","",""
"1251","py20160224","256","福瑞迪","8","2016-02-24 23:17:48","python","",""
"1252","py20160224","276","瑞风M2","8","2016-02-24 23:17:48","python","",""
"1253","py20160224","243","V12","8","2016-02-24 23:17:48","python","",""
"1254","py20160224","261","海马骑士","8","2016-02-24 23:17:48","python","",""
"1255","py20160224","261","丘比特","8","2016-02-24 23:17:48","python","",""
"1256","py20160224","276","悦悦","8","2016-02-24 23:17:48","python","",""
"1257","py20160224","255","比亚迪e6","8","2016-02-24 23:17:48","python","",""
"1258","py20160224","267","陆风X8","8","2016-02-24 23:17:48","python","",""
"1259","py20160224","234","君越","8","2016-02-24 23:17:48","python","",""
"1260","py20160224","264","MG6","8","2016-02-24 23:17:48","python","",""
"1261","py20160224","242","古思特","8","2016-02-24 23:17:48","python","",""
"1262","py20160224","289","风云2","8","2016-02-24 23:17:48","python","",""
"1263","py20160224","225","英伦TX4","8","2016-02-24 23:17:48","python","",""
"1264","py20160224","261","普力马","8","2016-02-24 23:17:48","python","",""
"1265","py20160224","210","揽胜运动版","8","2016-02-24 23:17:48","python","",""
"1266","py20160224","226","思铂睿","8","2016-02-24 23:17:48","python","",""
"1267","py20160224","199","高尔夫","8","2016-02-24 23:17:48","python","",""
"1268","py20160224","214","奥拓","8","2016-02-24 23:17:49","python","",""
"1269","py20160224","259","翼神","8","2016-02-24 23:17:49","python","",""
"1270","py20160224","228","途观","8","2016-02-24 23:17:49","python","",""
"1271","py20160224","234","凯越","8","2016-02-24 23:17:49","python","",""
"1272","py20160224","256","秀尔","8","2016-02-24 23:17:49","python","",""
"1273","py20160224","290","标致308","8","2016-02-24 23:17:49","python","",""
"1274","py20160224","217","夏利N5","8","2016-02-24 23:17:49","python","",""
"1275","py20160224","217","威志V2","8","2016-02-24 23:17:49","python","",""
"1276","py20160224","212","奥德赛","8","2016-02-24 23:17:49","python","",""
"1277","py20160224","203","皇冠","8","2016-02-24 23:17:49","python","",""
"1278","py20160224","268","讴歌RDX","8","2016-02-24 23:17:49","python","",""
"1279","py20160224","282","法拉利458","8","2016-02-24 23:17:49","python","",""
"1280","py20160224","245","起亚K5(进口)","8","2016-02-24 23:17:49","python","",""
"1281","py20160224","244","Exige","8","2016-02-24 23:17:49","python","",""
"1282","py20160224","266","凯泽西","8","2016-02-24 23:17:49","python","",""
"1283","py20160224","286","本田CR-Z","8","2016-02-24 23:17:49","python","",""
"1284","py20160224","262","DS","8","2016-02-24 23:17:49","python","",""
"1285","py20160224","286","飞度(进口)","9","2016-02-24 23:17:49","python","",""
"1286","py20160224","248","慕尚","9","2016-02-24 23:17:49","python","",""
"1287","py20160224","247","GranCabrio","9","2016-02-24 23:17:49","python","",""
"1288","py20160224","199","一汽-大众CC","9","2016-02-24 23:17:49","python","",""
"1289","py20160224","237","风朗","9","2016-02-24 23:17:49","python","",""
"1290","py20160224","291","X-BOW","9","2016-02-24 23:17:49","python","",""
"1291","py20160224","292","森雅M80","9","2016-02-24 23:17:49","python","",""
"1292","py20160224","293","奔驰SLS级AMG","9","2016-02-24 23:17:49","python","",""
"1293","py20160224","243","Rapide","9","2016-02-24 23:17:49","python","",""
"1294","py20160224","255","比亚迪G3","9","2016-02-24 23:17:49","python","",""
"1295","py20160224","294","莲花L3","9","2016-02-24 23:17:49","python","",""
"1296","py20160224","295","YUKON","9","2016-02-24 23:17:49","python","",""
"1297","py20160224","207","帅客","9","2016-02-24 23:17:49","python","",""
"1298","py20160224","287","威兹曼Roadster","9","2016-02-24 23:17:50","python","",""
"1299","py20160224","270","黑金刚","9","2016-02-24 23:17:50","python","",""
"1300","py20160224","219","红杉","9","2016-02-24 23:17:50","python","",""
"1301","py20160224","278","战旗","9","2016-02-24 23:17:50","python","",""
"1302","py20160224","278","陆霸","9","2016-02-24 23:17:50","python","",""
"1303","py20160224","295","SAVANA","9","2016-02-24 23:17:50","python","",""
"1304","py20160224","234","英朗","9","2016-02-24 23:17:50","python","",""
"1305","py20160224","219","Sienna","9","2016-02-24 23:17:50","python","",""
"1306","py20160224","290","标致408","9","2016-02-24 23:17:50","python","",""
"1307","py20160224","225","吉利GX7","9","2016-02-24 23:17:50","python","",""
"1308","py20160224","271","马自达CX-9","1","2016-02-24 23:17:50","python","",""
"1309","py20160224","288","东风风神H30","1","2016-02-24 23:17:50","python","",""
"1310","py20160224","205","北京现代ix35","1","2016-02-24 23:17:50","python","",""
"1311","py20160224","245","凯尊","1","2016-02-24 23:17:50","python","",""
"1312","py20160224","245","速迈","1","2016-02-24 23:17:50","python","",""
"1313","py20160224","240","索纳塔(进口)","1","2016-02-24 23:17:50","python","",""
"1314","py20160224","296","长城M2","2","2016-02-24 23:17:50","python","",""
"1315","py20160224","218","探险者","2","2016-02-24 23:17:50","python","",""
"1316","py20160224","296","哈弗H5","2","2016-02-24 23:17:50","python","",""
"1317","py20160224","297","唯雅诺","2","2016-02-24 23:17:50","python","",""
"1318","py20160224","298","奔奔MINI","2","2016-02-24 23:17:50","python","",""
"1319","py20160224","299","标致RCZ","2","2016-02-24 23:17:50","python","",""
"1320","py20160224","211","派喜","2","2016-02-24 23:17:50","python","",""
"1321","py20160224","225","海景","2","2016-02-24 23:17:50","python","",""
"1322","py20160224","264","荣威350","2","2016-02-24 23:17:50","python","",""
"1323","py20160224","221","雷克萨斯CT","2","2016-02-24 23:17:51","python","",""
"1324","py20160224","300","Agera","2","2016-02-24 23:17:51","python","",""
"1325","py20160224","232","保时捷918","2","2016-02-24 23:17:51","python","",""
"1326","py20160224","297","威霆","2","2016-02-24 23:17:51","python","",""
"1327","py20160224","255","比亚迪L3","2","2016-02-24 23:17:51","python","",""
"1328","py20160224","208","玛驰","2","2016-02-24 23:17:51","python","",""
"1329","py20160224","255","比亚迪S6","2","2016-02-24 23:17:51","python","",""
"1330","py20160224","296","长城C30","2","2016-02-24 23:17:51","python","",""
"1331","py20160224","255","比亚迪G6","2","2016-02-24 23:17:51","python","",""
"1332","py20160224","301","AC","2","2016-02-24 23:17:51","python","",""
"1333","py20160224","285","欧悦搏","2","2016-02-24 23:17:51","python","",""
"1334","py20160224","219","埃尔法","2","2016-02-24 23:17:51","python","",""
"1335","py20160224","263","华泰B11","2","2016-02-24 23:17:51","python","",""
"1336","py20160224","207","日产NV200","2","2016-02-24 23:17:51","python","",""
"1337","py20160224","205","瑞纳","2","2016-02-24 23:17:51","python","",""
"1338","py20160224","240","H-1辉翼","2","2016-02-24 23:17:51","python","",""
"1339","py20160224","201","马自达8","2","2016-02-24 23:17:51","python","",""
"1340","py20160224","298","长安CX20","2","2016-02-24 23:17:51","python","",""
"1341","py20160224","296","长城C50","2","2016-02-24 23:17:51","python","",""
"1342","py20160224","296","长城C20R","2","2016-02-24 23:17:51","python","",""
"1343","py20160224","296","哈弗H6","2","2016-02-24 23:17:51","python","",""
"1344","py20160224","296","哈弗H8","2","2016-02-24 23:17:51","python","",""
"1345","py20160224","294","莲花L5","2","2016-02-24 23:17:51","python","",""
"1346","py20160224","278","北京BW007","2","2016-02-24 23:17:51","python","",""
"1347","py20160224","292","森雅S80","2","2016-02-24 23:17:51","python","",""
"1348","py20160224","263","路盛E70","2","2016-02-24 23:17:51","python","",""
"1349","py20160224","273","力帆X60","2","2016-02-24 23:17:52","python","",""
"1350","py20160224","256","智跑","2","2016-02-24 23:17:52","python","",""
"1351","py20160224","231","五菱宏光","2","2016-02-24 23:17:52","python","",""
"1352","py20160224","302","传祺GA5","2","2016-02-24 23:17:52","python","",""
"1353","py20160224","263","宝利格","2","2016-02-24 23:17:52","python","",""
"1354","py20160224","264","MG3","2","2016-02-24 23:17:52","python","",""
"1355","py20160224","225","吉利GC7","2","2016-02-24 23:17:52","python","",""
"1356","py20160224","225","金刚财富","2","2016-02-24 23:17:52","python","",""
"1357","py20160224","281","旗胜V3","2","2016-02-24 23:17:52","python","",""
"1358","py20160224","212","歌诗图","2","2016-02-24 23:17:52","python","",""
"1359","py20160224","266","速翼特","2","2016-02-24 23:17:52","python","",""
"1360","py20160224","237","纬度","2","2016-02-24 23:17:52","python","",""
"1361","py20160224","235","沃尔沃V60","2","2016-02-24 23:17:52","python","",""
"1362","py20160224","303","宝马M3","2","2016-02-24 23:17:52","python","",""
"1363","py20160224","293","奔驰S级AMG","2","2016-02-24 23:17:52","python","",""
"1364","py20160224","275","道奇Ram","2","2016-02-24 23:17:52","python","",""
"1365","py20160224","249","大捷龙(进口)","2","2016-02-24 23:17:52","python","",""
"1366","py20160224","281","挑战者SUV","2","2016-02-24 23:17:52","python","",""
"1367","py20160224","227","柯兰多","2","2016-02-24 23:17:52","python","",""
"1368","py20160224","304","驭胜","2","2016-02-24 23:17:52","python","",""
"1369","py20160224","305","江南TT","2","2016-02-24 23:17:52","python","",""
"1370","py20160224","231","宝骏630","2","2016-02-24 23:17:52","python","",""
"1371","py20160224","220","逸致","2","2016-02-24 23:17:52","python","",""
"1372","py20160224","219","杰路驰","2","2016-02-24 23:17:53","python","",""
"1373","py20160224","256","起亚K5","2","2016-02-24 23:17:53","python","",""
"1374","py20160224","212","理念S1","2","2016-02-24 23:17:53","python","",""
"1375","py20160224","240","Veloster飞思","2","2016-02-24 23:17:53","python","",""
"1376","py20160224","282","法拉利FF","2","2016-02-24 23:17:53","python","",""
"1377","py20160224","274","菲跃","2","2016-02-24 23:17:53","python","",""
"1378","py20160224","306","Huayra","2","2016-02-24 23:17:53","python","",""
"1379","py20160224","229","奥迪Q3(进口)","2","2016-02-24 23:17:53","python","",""
"1380","py20160224","237","卡缤","2","2016-02-24 23:17:53","python","",""
"1381","py20160224","307","Aventador","2","2016-02-24 23:17:53","python","",""
"1382","py20160224","224","中华V5","2","2016-02-24 23:17:53","python","",""
"1383","py20160224","308","大7","2","2016-02-24 23:17:53","python","",""
"1384","py20160224","308","MASTER","2","2016-02-24 23:17:53","python","",""
"1385","py20160224","264","荣威W5","2","2016-02-24 23:17:53","python","",""
"1386","py20160224","290","标致508","2","2016-02-24 23:17:53","python","",""
"1387","py20160224","218","福特E350","2","2016-02-24 23:17:53","python","",""
"1388","py20160224","296","长城M4","2","2016-02-24 23:17:53","python","",""
"1389","py20160224","260","奔腾B90","2","2016-02-24 23:17:53","python","",""
"1390","py20160224","273","力帆720","2","2016-02-24 23:17:53","python","",""
"1391","py20160224","233","迈锐宝","2","2016-02-24 23:17:53","python","",""
"1392","py20160224","309","海马爱尚","2","2016-02-24 23:17:53","python","",""
"1393","py20160224","256","起亚K2","2","2016-02-24 23:17:53","python","",""
"1394","py20160224","224","中华H530","2","2016-02-24 23:17:53","python","",""
"1395","py20160224","289","奇瑞E5","2","2016-02-24 23:17:53","python","",""
"1396","py20160224","310","智尚S30","2","2016-02-24 23:17:53","python","",""
"1397","py20160224","265","帕杰罗・劲畅(进口)","2","2016-02-24 23:17:53","python","",""
"1398","py20160224","305","众泰T600","2","2016-02-24 23:17:53","python","",""
"1399","py20160224","305","众泰T200","2","2016-02-24 23:17:53","python","",""
"1400","py20160224","305","众泰Z300","2","2016-02-24 23:17:53","python","",""
"1401","py20160224","208","启辰D50","2","2016-02-24 23:17:54","python","",""
"1402","py20160224","233","爱唯欧","2","2016-02-24 23:17:54","python","",""
"1403","py20160224","218","福特F-150","2","2016-02-24 23:17:54","python","",""
"1404","py20160224","219","坦途","2","2016-02-24 23:17:54","python","",""
"1405","py20160224","295","SIERRA","2","2016-02-24 23:17:54","python","",""
"1406","py20160224","311","MODEL","2","2016-02-24 23:17:54","python","",""
"1407","py20160224","312","野马F10","2","2016-02-24 23:17:54","python","",""
"1408","py20160224","208","楼兰","2","2016-02-24 23:17:54","python","",""
"1409","py20160224","230","宝马i8","2","2016-02-24 23:17:54","python","",""
"1410","py20160224","230","宝马i3","2","2016-02-24 23:17:54","python","",""
"1411","py20160224","313","金杯S50","2","2016-02-24 23:17:54","python","",""
"1412","py20160224","246","斯巴鲁XV","2","2016-02-24 23:17:54","python","",""
"1413","py20160224","258","马自达3星骋","2","2016-02-24 23:17:54","python","",""
"1414","py20160224","298","逸动","2","2016-02-24 23:17:54","python","",""
"1415","py20160224","312","野马F16","2","2016-02-24 23:17:54","python","",""
"1416","py20160224","314","巴博斯","2","2016-02-24 23:17:54","python","",""
"1417","py20160224","312","野马F12","2","2016-02-24 23:17:54","python","",""
"1418","py20160224","231","五菱荣光","2","2016-02-24 23:17:54","python","",""
"1419","py20160224","315","东风小康K01","2","2016-02-24 23:17:54","python","",""
"1420","py20160224","316","探索者6","2","2016-02-24 23:17:54","python","",""
"1421","py20160224","316","探索者Ⅲ","2","2016-02-24 23:17:54","python","",""
"1422","py20160224","231","五菱之光","2","2016-02-24 23:17:54","python","",""
"1423","py20160224","296","风骏5","2","2016-02-24 23:17:54","python","",""
"1424","py20160224","292","佳宝T57","2","2016-02-24 23:17:54","python","",""
"1425","py20160224","207","日产D22","2","2016-02-24 23:17:54","python","",""
"1426","py20160224","292","佳宝V55","2","2016-02-24 23:17:54","python","",""
"1427","py20160224","292","佳宝V52","2","2016-02-24 23:17:54","python","",""
"1428","py20160224","299","标致4008","2","2016-02-24 23:17:54","python","",""
"1429","py20160224","262","雪铁龙C4","2","2016-02-24 23:17:55","python","",""
"1430","py20160224","316","小超人","2","2016-02-24 23:17:55","python","",""
"1431","py20160224","317","优优","2","2016-02-24 23:17:55","python","",""
"1432","py20160224","259","希旺","2","2016-02-24 23:17:55","python","",""
"1433","py20160224","318","福瑞达","2","2016-02-24 23:17:55","python","",""
"1434","py20160224","305","众泰V10","2","2016-02-24 23:17:55","python","",""
"1435","py20160224","309","福仕达荣达","2","2016-02-24 23:17:55","python","",""
"1436","py20160224","279","北汽威旺306","2","2016-02-24 23:17:55","python","",""
"1437","py20160224","317","优雅","2","2016-02-24 23:17:55","python","",""
"1438","py20160224","319","骏意","2","2016-02-24 23:17:55","python","",""
"1439","py20160224","319","民意","2","2016-02-24 23:17:55","python","",""
"1440","py20160224","319","哈飞小霸王","2","2016-02-24 23:17:55","python","",""
"1441","py20160224","320","星旺","2","2016-02-24 23:17:55","python","",""
"1442","py20160224","315","东风小康V07S","2","2016-02-24 23:17:55","python","",""
"1443","py20160224","315","东风小康V21","2","2016-02-24 23:17:55","python","",""
"1444","py20160224","317","优胜2代","2","2016-02-24 23:17:55","python","",""
"1445","py20160224","315","东风小康V22","2","2016-02-24 23:17:55","python","",""
"1446","py20160224","315","东风小康V27","2","2016-02-24 23:17:55","python","",""
"1447","py20160224","317","优劲","2","2016-02-24 23:17:55","python","",""
"1448","py20160224","315","东风小康K02","2","2016-02-24 23:17:55","python","",""
"1449","py20160224","315","东风小康K17","2","2016-02-24 23:17:55","python","",""
"1450","py20160224","315","东风小康K07","2","2016-02-24 23:17:55","python","",""
"1451","py20160224","315","东风小康K07II","2","2016-02-24 23:17:55","python","",""
"1452","py20160224","273","兴顺","2","2016-02-24 23:17:55","python","",""
"1453","py20160224","273","丰顺","2","2016-02-24 23:17:55","python","",""
"1454","py20160224","298","金牛星","2","2016-02-24 23:17:56","python","",""
"1455","py20160224","231","PN货车","2","2016-02-24 23:17:56","python","",""
"1456","py20160224","207","锐骐皮卡","2","2016-02-24 23:17:56","python","",""
"1457","py20160224","207","锐骐多功能车","2","2016-02-24 23:17:56","python","",""
"1458","py20160224","304","宝典","2","2016-02-24 23:17:56","python","",""
"1459","py20160224","281","大柴神","2","2016-02-24 23:17:56","python","",""
"1460","py20160224","281","小柴神","2","2016-02-24 23:17:56","python","",""
"1461","py20160224","281","傲骏","2","2016-02-24 23:17:56","python","",""
"1462","py20160224","321","威虎TUV","2","2016-02-24 23:17:56","python","",""
"1463","py20160224","270","飞扬","2","2016-02-24 23:17:56","python","",""
"1464","py20160224","304","经典全顺","2","2016-02-24 23:17:56","python","",""
"1465","py20160224","304","新世代全顺","2","2016-02-24 23:17:56","python","",""
"1466","py20160224","292","佳宝T51","2","2016-02-24 23:17:56","python","",""
"1467","py20160224","292","佳宝T50","2","2016-02-24 23:17:56","python","",""
"1468","py20160224","203","柯斯达","2","2016-02-24 23:17:56","python","",""
"1469","py20160224","259","得利卡","2","2016-02-24 23:17:56","python","",""
"1470","py20160224","322","得意","2","2016-02-24 23:17:56","python","",""
"1471","py20160224","322","宝迪","2","2016-02-24 23:17:56","python","",""
"1472","py20160224","211","浪迪","2","2016-02-24 23:17:56","python","",""
"1473","py20160224","280","福田风景","2","2016-02-24 23:17:57","python","",""
"1474","py20160224","313","阁瑞斯","2","2016-02-24 23:17:57","python","",""
"1475","py20160224","289","威麟H3","2","2016-02-24 23:17:57","python","",""
"1476","py20160224","289","威麟H5","2","2016-02-24 23:17:57","python","",""
"1477","py20160224","269","菱智","2","2016-02-24 23:17:57","python","",""
"1478","py20160224","276","瑞风","2","2016-02-24 23:17:57","python","",""
"1479","py20160224","280","蒙派克E","2","2016-02-24 23:17:57","python","",""
"1480","py20160224","276","瑞风M5","2","2016-02-24 23:17:57","python","",""
"1481","py20160224","313","金杯大海狮","2","2016-02-24 23:17:57","python","",""
"1482","py20160224","288","东风风神A60","2","2016-02-24 23:17:57","python","",""
"1483","py20160224","246","斯巴鲁BRZ","2","2016-02-24 23:17:57","python","",""
"1484","py20160224","302","传祺GS5","2","2016-02-24 23:17:58","python","",""
"1485","py20160224","209","宝马X1","2","2016-02-24 23:17:58","python","",""
"1486","py20160224","238","奔驰GLK级","2","2016-02-24 23:17:58","python","",""
"1487","py20160224","323","欧朗","2","2016-02-24 23:17:58","python","",""
"1488","py20160224","297","凌特","2","2016-02-24 23:17:58","python","",""
"1489","py20160224","226","艾力绅","2","2016-02-24 23:17:58","python","",""
"1490","py20160224","298","欧诺","2","2016-02-24 23:17:58","python","",""
"1491","py20160224","298","悦翔V3","2","2016-02-24 23:17:58","python","",""
"1492","py20160224","320","财运500","2","2016-02-24 23:17:58","python","",""
"1493","py20160224","276","星锐","2","2016-02-24 23:17:58","python","",""
"1494","py20160224","324","福家","2","2016-02-24 23:17:58","python","",""
"1495","py20160224","320","财运300","2","2016-02-24 23:17:58","python","",""
"1496","py20160224","325","海格H5C","2","2016-02-24 23:17:58","python","",""
"1497","py20160224","326","九龙A5","2","2016-02-24 23:17:58","python","",""
"1498","py20160224","219","丰田86","2","2016-02-24 23:17:58","python","",""
"1499","py20160224","326","九龙A6","2","2016-02-24 23:17:58","python","",""
"1500","py20160224","280","拓陆者","2","2016-02-24 23:17:58","python","",""
"1501","py20160224","241","碧莲","2","2016-02-24 23:17:58","python","",""
"1502","py20160224","280","萨普","2","2016-02-24 23:17:58","python","",""
"1503","py20160224","276","瑞铃","2","2016-02-24 23:17:58","python","",""
"1504","py20160224","326","大MPV","2","2016-02-24 23:17:59","python","",""
"1505","py20160224","233","科帕奇","2","2016-02-24 23:17:59","python","",""
"1506","py20160224","320","财运100","2","2016-02-24 23:17:59","python","",""
"1507","py20160224","298","长安之星","2","2016-02-24 23:17:59","python","",""
"1508","py20160224","327","海星A7","2","2016-02-24 23:17:59","python","",""
"1509","py20160224","328","坤程","2","2016-02-24 23:17:59","python","",""
"1510","py20160224","298","长安之星2","2","2016-02-24 23:17:59","python","",""
"1511","py20160224","219","HIACE","2","2016-02-24 23:17:59","python","",""
"1512","py20160224","329","上汽大通V80","2","2016-02-24 23:17:59","python","",""
"1513","py20160224","296","哈弗H2","2","2016-02-24 23:17:59","python","",""
"1514","py20160224","290","标致3008","2","2016-02-24 23:17:59","python","",""
"1515","py20160224","268","讴歌ILX","2","2016-02-24 23:17:59","python","",""
"1516","py20160224","330","中兴C3","2","2016-02-24 23:18:00","python","",""
"1517","py20160224","310","大力神","2","2016-02-24 23:18:00","python","",""
"1518","py20160224","310","金典","2","2016-02-24 23:18:00","python","",""
"1519","py20160224","310","雷龙","2","2016-02-24 23:18:00","python","",""
"1520","py20160224","325","御骏","2","2016-02-24 23:18:00","python","",""
"1521","py20160224","235","沃尔沃V40","2","2016-02-24 23:18:00","python","",""
"1522","py20160224","245","起亚K9","2","2016-02-24 23:18:00","python","",""
"1523","py20160224","282","F12berlinetta","2","2016-02-24 23:18:00","python","",""
"1524","py20160224","248","添越","2","2016-02-24 23:18:00","python","",""
"1525","py20160224","327","海星A9","2","2016-02-24 23:18:00","python","",""
"1526","py20160224","327","海星T20","2","2016-02-24 23:18:00","python","",""
"1527","py20160224","217","威志V5","2","2016-02-24 23:18:00","python","",""
"1528","py20160224","293","奔驰C级AMG","2","2016-02-24 23:18:00","python","",""
"1529","py20160224","293","奔驰CLS级AMG","2","2016-02-24 23:18:00","python","",""
"1530","py20160224","293","奔驰SL级AMG","2","2016-02-24 23:18:00","python","",""
"1531","py20160224","293","奔驰M级AMG","2","2016-02-24 23:18:00","python","",""
"1532","py20160224","293","奔驰G级AMG","2","2016-02-24 23:18:00","python","",""
"1533","py20160224","303","宝马M5","2","2016-02-24 23:18:00","python","",""
"1534","py20160224","303","宝马M6","2","2016-02-24 23:18:00","python","",""
"1535","py20160224","303","宝马X5","2","2016-02-24 23:18:00","python","",""
"1536","py20160224","303","宝马X6","2","2016-02-24 23:18:00","python","",""
"1537","py20160224","229","奥迪S3","2","2016-02-24 23:18:00","python","",""
"1538","py20160224","229","奥迪S5","2","2016-02-24 23:18:00","python","",""
"1539","py20160224","331","奥迪RS","2","2016-02-24 23:18:00","python","",""
"1540","py20160224","229","奥迪S6","2","2016-02-24 23:18:00","python","",""
"1541","py20160224","229","奥迪S7","2","2016-02-24 23:18:00","python","",""
"1542","py20160224","229","奥迪S8","2","2016-02-24 23:18:00","python","",""
"1543","py20160224","229","奥迪TTS","2","2016-02-24 23:18:00","python","",""
"1544","py20160224","264","荣威950","2","2016-02-24 23:18:00","python","",""
"1545","py20160224","315","东风小康V29","2","2016-02-24 23:18:00","python","",""
"1546","py20160224","332","宝斯通","2","2016-02-24 23:18:00","python","",""
"1547","py20160224","268","讴歌RLX","2","2016-02-24 23:18:00","python","",""
"1548","py20160224","226","思铭","2","2016-02-24 23:18:00","python","",""
"1549","py20160224","276","瑞风S5","2","2016-02-24 23:18:00","python","",""
"1550","py20160224","333","途腾T1","2","2016-02-24 23:18:00","python","",""
"1551","py20160224","333","途腾T2","2","2016-02-24 23:18:00","python","",""
"1552","py20160224","255","秦","2","2016-02-24 23:18:00","python","",""
"1553","py20160224","205","朗动","2","2016-02-24 23:18:00","python","",""
"1554","py20160224","237","塔利斯曼","2","2016-02-24 23:18:00","python","",""
"1555","py20160224","261","海马M8","2","2016-02-24 23:18:00","python","",""
"1556","py20160224","334","菲翔","2","2016-02-24 23:18:01","python","",""
"1557","py20160224","252","劲炫ASX","2","2016-02-24 23:18:01","python","",""
"1558","py20160224","259","V5菱致","2","2016-02-24 23:18:01","python","",""
"1559","py20160224","224","中华H230","2","2016-02-24 23:18:01","python","",""
"1560","py20160224","335","红旗H7","2","2016-02-24 23:18:01","python","",""
"1561","py20160224","320","奥轩GX5","2","2016-02-24 23:18:01","python","",""
"1562","py20160224","259","V6菱仕","2","2016-02-24 23:18:01","python","",""
"1563","py20160224","298","长安CS35","2","2016-02-24 23:18:01","python","",""
"1564","py20160224","264","荣威E50","2","2016-02-24 23:18:01","python","",""
"1565","py20160224","217","夏利N7","2","2016-02-24 23:18:01","python","",""
"1566","py20160224","298","睿骋","2","2016-02-24 23:18:01","python","",""
"1567","py20160224","279","绅宝D70","2","2016-02-24 23:18:01","python","",""
"1568","py20160224","298","悦翔V5","2","2016-02-24 23:18:01","python","",""
"1569","py20160224","279","绅宝D50","2","2016-02-24 23:18:01","python","",""
"1570","py20160224","273","福顺","2","2016-02-24 23:18:01","python","",""
"1571","py20160224","336","腾势","2","2016-02-24 23:18:01","python","",""
"1572","py20160224","255","速锐","2","2016-02-24 23:18:01","python","",""
"1573","py20160224","313","金杯海狮","2","2016-02-24 23:18:01","python","",""
"1574","py20160224","257","永源五星","2","2016-02-24 23:18:01","python","",""
"1575","py20160224","293","奔驰GL级AMG","2","2016-02-24 23:18:01","python","",""
"1576","py20160224","337","五十铃皮卡","2","2016-02-24 23:18:01","python","",""
"1577","py20160224","338","摩根Aero","2","2016-02-24 23:18:02","python","",""
"1578","py20160224","338","摩根Plus","2","2016-02-24 23:18:02","python","",""
"1579","py20160224","327","海星T22","2","2016-02-24 23:18:02","python","",""
"1580","py20160224","232","Macan","2","2016-02-24 23:18:02","python","",""
"1581","py20160224","339","御风","2","2016-02-24 23:18:02","python","",""
"1582","py20160224","229","奥迪SQ5","2","2016-02-24 23:18:02","python","",""
"1583","py20160224","293","奔驰A级AMG","2","2016-02-24 23:18:02","python","",""
"1584","py20160224","230","宝马5系GT","2","2016-02-24 23:18:02","python","",""
"1585","py20160224","207","日产ZN厢式车","2","2016-02-24 23:18:02","python","",""
"1586","py20160224","231","五菱荣光小卡","2","2016-02-24 23:18:02","python","",""
"1587","py20160224","224","中华H320","2","2016-02-24 23:18:02","python","",""
"1588","py20160224","304","域虎","2","2016-02-24 23:18:02","python","",""
"1589","py20160224","222","翼虎","2","2016-02-24 23:18:02","python","",""
"1590","py20160224","315","东风小康C37","2","2016-02-24 23:18:02","python","",""
"1591","py20160224","208","启辰R50","2","2016-02-24 23:18:02","python","",""
"1592","py20160224","222","翼搏","2","2016-02-24 23:18:02","python","",""
"1593","py20160224","267","陆风X5","2","2016-02-24 23:18:02","python","",""
"1594","py20160224","320","星旺CL","2","2016-02-24 23:18:02","python","",""
"1595","py20160224","256","起亚K3","2","2016-02-24 23:18:02","python","",""
"1596","py20160224","312","野马T70","2","2016-02-24 23:18:02","python","",""
"1597","py20160224","316","雄狮","2","2016-02-24 23:18:02","python","",""
"1598","py20160224","316","雄师F16","2","2016-02-24 23:18:02","python","",""
"1599","py20160224","234","昂科拉","2","2016-02-24 23:18:02","python","",""
"1600","py20160224","339","俊风CV03","2","2016-02-24 23:18:02","python","",""
"1601","py20160224","340","迈凯伦P1","2","2016-02-24 23:18:02","python","",""
"1602","py20160224","236","捷豹F-TYPE","2","2016-02-24 23:18:02","python","",""
"1603","py20160224","289","爱卡","2","2016-02-24 23:18:02","python","",""
"1604","py20160224","278","锐铃","2","2016-02-24 23:18:02","python","",""
"1605","py20160224","228","桑塔纳・尚纳","2","2016-02-24 23:18:02","python","",""
"1606","py20160224","341","神骐","2","2016-02-24 23:18:02","python","",""
"1607","py20160224","205","全新胜达","2","2016-02-24 23:18:02","python","",""
"1608","py20160224","309","海马M3","2","2016-02-24 23:18:02","python","",""
"1609","py20160224","255","思锐","2","2016-02-24 23:18:03","python","",""
"1610","py20160224","216","雪铁龙C4L","2","2016-02-24 23:18:03","python","",""
"1611","py20160224","342","凯迪拉克XTS","2","2016-02-24 23:18:03","python","",""
"1612","py20160224","200","奥迪Q3","2","2016-02-24 23:18:03","python","",""
"1613","py20160224","343","DS","2","2016-02-24 23:18:03","python","",""
"1614","py20160224","289","奇瑞E3","2","2016-02-24 23:18:03","python","",""
"1615","py20160224","298","欧力威","2","2016-02-24 23:18:03","python","",""
"1616","py20160224","208","晨风","2","2016-02-24 23:18:03","python","",""
"1617","py20160224","276","和悦A30","2","2016-02-24 23:18:03","python","",""
"1618","py20160224","273","力帆530","2","2016-02-24 23:18:03","python","",""
"1619","py20160224","278","越铃","2","2016-02-24 23:18:03","python","",""
"1620","py20160224","253","昕锐","2","2016-02-24 23:18:03","python","",""
"1621","py20160224","230","宝马3系GT","2","2016-02-24 23:18:03","python","",""
"1622","py20160224","206","奔驰CLA级","2","2016-02-24 23:18:03","python","",""
"1623","py20160224","293","奔驰CLA级AMG","2","2016-02-24 23:18:03","python","",""
"1624","py20160224","230","宝马4系","2","2016-02-24 23:18:03","python","",""
"1625","py20160224","344","如虎","2","2016-02-24 23:18:03","python","",""
"1626","py20160224","333","途腾T3","2","2016-02-24 23:18:03","python","",""
"1627","py20160224","345","观致3","2","2016-02-24 23:18:04","python","",""
"1628","py20160224","346","金旅海狮","2","2016-02-24 23:18:04","python","",""
"1629","py20160224","289","艾瑞泽7","2","2016-02-24 23:18:04","python","",""
"1630","py20160224","240","全新胜达(进口)","2","2016-02-24 23:18:04","python","",""
"1631","py20160224","347","凯歌","2","2016-02-24 23:18:04","python","",""
"1632","py20160224","347","金威","2","2016-02-24 23:18:04","python","",""
"1633","py20160224","258","马自达CX-5","2","2016-02-24 23:18:04","python","",""
"1634","py20160224","308","纳5","2","2016-02-24 23:18:04","python","",""
"1635","py20160224","289","奇瑞QQ","2","2016-02-24 23:18:04","python","",""
"1636","py20160224","269","风行CM7","2","2016-02-24 23:18:04","python","",""
"1637","py20160224","215","林肯MKC","2","2016-02-24 23:18:04","python","",""
"1638","py20160224","348","英菲尼迪Q50","2","2016-02-24 23:18:04","python","",""
"1639","py20160224","224","中华H330","2","2016-02-24 23:18:04","python","",""
"1640","py20160224","224","中华H220","2","2016-02-24 23:18:04","python","",""
"1641","py20160224","260","奔腾X80","3","2016-02-24 23:18:04","python","",""
"1642","py20160224","305","众泰Z100","3","2016-02-24 23:18:04","python","",""
"1643","py20160224","309","海马M6","3","2016-02-24 23:18:04","python","",""
"1644","py20160224","252","帕杰罗・劲畅","3","2016-02-24 23:18:04","python","",""
"1645","py20160224","253","Yeti","3","2016-02-24 23:18:04","python","",""
"1646","py20160224","248","飞驰","3","2016-02-24 23:18:05","python","",""
"1647","py20160224","242","魅影","3","2016-02-24 23:18:05","python","",""
"1648","py20160224","282","LaFerrari","3","2016-02-24 23:18:05","python","",""
"1649","py20160224","317","优优2代","3","2016-02-24 23:18:05","python","",""
"1650","py20160224","270","猎豹CT5","3","2016-02-24 23:18:05","python","",""
"1651","py20160224","278","BJ","3","2016-02-24 23:18:05","python","",""
"1652","py20160224","315","东风小康C35","3","2016-02-24 23:18:05","python","",""
"1653","py20160224","319","中意V5","3","2016-02-24 23:18:05","python","",""
"1654","py20160224","348","英菲尼迪QX60","3","2016-02-24 23:18:05","python","",""
"1655","py20160224","349","大切诺基","3","2016-02-24 23:18:05","python","",""
"1656","py20160224","292","佳宝V80","3","2016-02-24 23:18:05","python","",""
"1657","py20160224","230","宝马X4","3","2016-02-24 23:18:05","python","",""
"1658","py20160224","318","福运","3","2016-02-24 23:18:05","python","",""
"1659","py20160224","255","比亚迪S7","3","2016-02-24 23:18:05","python","",""
"1660","py20160224","247","Ghibli","3","2016-02-24 23:18:05","python","",""
"1661","py20160224","223","自由光(进口)","3","2016-02-24 23:18:05","python","",""
"1662","py20160224","329","上汽大通G10","3","2016-02-24 23:18:05","python","",""
"1663","py20160224","264","锐腾","3","2016-02-24 23:18:05","python","",""
"1664","py20160224","201","马自达CX-7","3","2016-02-24 23:18:05","python","",""
"1665","py20160224","290","标致301","3","2016-02-24 23:18:05","python","",""
"1666","py20160224","302","传祺GA3","3","2016-02-24 23:18:05","python","",""
"1667","py20160224","205","名图","3","2016-02-24 23:18:05","python","",""
"1668","py20160224","261","海马S7","3","2016-02-24 23:18:05","python","",""
"1669","py20160224","206","奔驰GLA(进口)","3","2016-02-24 23:18:05","python","",""
"1670","py20160224","276","瑞风S3","3","2016-02-24 23:18:05","python","",""
"1671","py20160224","217","骏派D60","3","2016-02-24 23:18:05","python","",""
"1672","py20160224","273","力帆330","3","2016-02-24 23:18:06","python","",""
"1673","py20160224","273","力帆630","3","2016-02-24 23:18:06","python","",""
"1674","py20160224","212","凌派","3","2016-02-24 23:18:06","python","",""
"1675","py20160224","315","风光","3","2016-02-24 23:18:06","python","",""
"1676","py20160224","257","猎鹰","3","2016-02-24 23:18:06","python","",""
"1677","py20160224","280","蒙派克S","3","2016-02-24 23:18:06","python","",""
"1678","py20160224","350","凯胜","3","2016-02-24 23:18:06","python","",""
"1679","py20160224","341","尊行","3","2016-02-24 23:18:06","python","",""
"1680","py20160224","348","英菲尼迪Q70","3","2016-02-24 23:18:06","python","",""
"1681","py20160224","348","英菲尼迪QX50(进口)","3","2016-02-24 23:18:06","python","",""
"1682","py20160224","348","英菲尼迪QX70","3","2016-02-24 23:18:06","python","",""
"1683","py20160224","348","英菲尼迪QX80","3","2016-02-24 23:18:06","python","",""
"1684","py20160224","296","风骏6","3","2016-02-24 23:18:06","python","",""
"1685","py20160224","228","朗行","3","2016-02-24 23:18:06","python","",""
"1686","py20160224","226","杰德","3","2016-02-24 23:18:06","python","",""
"1687","py20160224","335","红旗L5","3","2016-02-24 23:18:06","python","",""
"1688","py20160224","211","利亚纳A6","3","2016-02-24 23:18:06","python","",""
"1689","py20160224","270","飞腾C5","3","2016-02-24 23:18:06","python","",""
"1690","py20160224","220","YARiS","3","2016-02-24 23:18:06","python","",""
"1691","py20160224","269","景逸X5","3","2016-02-24 23:18:06","python","",""
"1692","py20160224","259","风迪思","3","2016-02-24 23:18:06","python","",""
"1693","py20160224","227","雷斯特W","3","2016-02-24 23:18:06","python","",""
"1694","py20160224","320","星朗","3","2016-02-24 23:18:06","python","",""
"1695","py20160224","327","小海狮X30","3","2016-02-24 23:18:06","python","",""
"1696","py20160224","320","星旺M1","3","2016-02-24 23:18:06","python","",""
"1697","py20160224","320","星旺M2","3","2016-02-24 23:18:06","python","",""
"1698","py20160224","325","龙威","3","2016-02-24 23:18:06","python","",""
"1699","py20160224","270","猎豹Q6","3","2016-02-24 23:18:07","python","",""
"1700","py20160224","338","摩根Roadster","3","2016-02-24 23:18:07","python","",""
"1701","py20160224","338","摩根4-4","3","2016-02-24 23:18:07","python","",""
"1702","py20160224","201","阿特兹","3","2016-02-24 23:18:07","python","",""
"1703","py20160224","298","长安星卡","3","2016-02-24 23:18:07","python","",""
"1704","py20160224","317","优雅2代","3","2016-02-24 23:18:07","python","",""
"1705","py20160224","289","艾瑞泽3","3","2016-02-24 23:18:07","python","",""
"1706","py20160224","351","沃尔沃S60L","3","2016-02-24 23:18:07","python","",""
"1707","py20160224","320","星旺L","3","2016-02-24 23:18:07","python","",""
"1708","py20160224","309","福仕达鸿达","3","2016-02-24 23:18:07","python","",""
"1709","py20160224","309","福仕达腾达","3","2016-02-24 23:18:07","python","",""
"1710","py20160224","309","福仕达福卡","3","2016-02-24 23:18:07","python","",""
"1711","py20160224","240","格锐","3","2016-02-24 23:18:07","python","",""
"1712","py20160224","339","虎视","3","2016-02-24 23:18:07","python","",""
"1713","py20160224","200","奥迪A3","3","2016-02-24 23:18:07","python","",""
"1714","py20160224","253","速派","3","2016-02-24 23:18:07","python","",""
"1715","py20160224","222","致胜","3","2016-02-24 23:18:07","python","",""
"1716","py20160224","352","MINI","3","2016-02-24 23:18:07","python","",""
"1717","py20160224","214","锋驭","3","2016-02-24 23:18:07","python","",""
"1718","py20160224","303","宝马M4","3","2016-02-24 23:18:07","python","",""
"1719","py20160224","279","北汽威旺M20","3","2016-02-24 23:18:07","python","",""
"1720","py20160224","329","伊思坦纳","3","2016-02-24 23:18:08","python","",""
"1721","py20160224","326","考斯特","3","2016-02-24 23:18:08","python","",""
"1722","py20160224","289","瑞虎5","3","2016-02-24 23:18:08","python","",""
"1723","py20160224","228","朗境","3","2016-02-24 23:18:08","python","",""
"1724","py20160224","348","英菲尼迪Q60","3","2016-02-24 23:18:08","python","",""
"1725","py20160224","298","长安CS75","3","2016-02-24 23:18:08","python","",""
"1726","py20160224","342","凯迪拉克ATS-L","3","2016-02-24 23:18:08","python","",""
"1727","py20160224","236","捷豹F-PACE","3","2016-02-24 23:18:08","python","",""
"1728","py20160224","309","海马S5","3","2016-02-24 23:18:08","python","",""
"1729","py20160224","321","威虎G3","3","2016-02-24 23:18:08","python","",""
"1730","py20160224","211","北斗星X5","3","2016-02-24 23:18:08","python","",""
"1731","py20160224","298","奔奔","3","2016-02-24 23:18:08","python","",""
"1732","py20160224","273","力帆X50","3","2016-02-24 23:18:08","python","",""
"1733","py20160224","278","战旗皮卡","3","2016-02-24 23:18:08","python","",""
"1734","py20160224","208","启辰R50X","3","2016-02-24 23:18:08","python","",""
"1735","py20160224","341","睿行","3","2016-02-24 23:18:08","python","",""
"1736","py20160224","273","力帆T11","3","2016-02-24 23:18:08","python","",""
"1737","py20160224","273","力帆T21","3","2016-02-24 23:18:08","python","",""
"1738","py20160224","230","宝马2系","3","2016-02-24 23:18:08","python","",""
"1739","py20160224","279","北汽威旺307","3","2016-02-24 23:18:08","python","",""
"1740","py20160224","290","标致2008","3","2016-02-24 23:18:09","python","",""
"1741","py20160224","325","海格H7V","3","2016-02-24 23:18:09","python","",""
"1742","py20160224","353","雷克萨斯RC","3","2016-02-24 23:18:09","python","",""
"1743","py20160224","325","海格H5V","3","2016-02-24 23:18:09","python","",""
"1744","py20160224","324","龙锐","3","2016-02-24 23:18:09","python","",""
"1745","py20160224","238","奔驰GLA","3","2016-02-24 23:18:09","python","",""
"1746","py20160224","293","奔驰GLA","3","2016-02-24 23:18:09","python","",""
"1747","py20160224","334","致悦","3","2016-02-24 23:18:09","python","",""
"1748","py20160224","251","速尊","3","2016-02-24 23:18:09","python","",""
"1749","py20160224","320","E美","3","2016-02-24 23:18:09","python","",""
"1750","py20160224","307","Huracan","3","2016-02-24 23:18:09","python","",""
"1751","py20160224","207","俊风","3","2016-02-24 23:18:09","python","",""
"1752","py20160224","255","比亚迪G5","3","2016-02-24 23:18:09","python","",""
"1753","py20160224","354","北汽幻速S2","3","2016-02-24 23:18:09","python","",""
"1754","py20160224","256","起亚K4","3","2016-02-24 23:18:09","python","",""
"1755","py20160224","224","中华豚","3","2016-02-24 23:18:09","python","",""
"1756","py20160224","253","昕动","3","2016-02-24 23:18:10","python","",""
"1757","py20160224","205","北京现代ix25","3","2016-02-24 23:18:10","python","",""
"1758","py20160224","308","优6","3","2016-02-24 23:18:10","python","",""
"1759","py20160224","258","马自达3","3","2016-02-24 23:18:10","python","",""
"1760","py20160224","296","哈弗H9","3","2016-02-24 23:18:11","python","",""
"1761","py20160224","289","艾瑞泽M7","3","2016-02-24 23:18:11","python","",""
"1762","py20160224","269","景逸S50","3","2016-02-24 23:18:11","python","",""
"1763","py20160224","230","宝马2系运动旅行车(进口)","3","2016-02-24 23:18:11","python","",""
"1764","py20160224","355","英致G3","3","2016-02-24 23:18:12","python","",""
"1765","py20160224","280","萨瓦纳","3","2016-02-24 23:18:12","python","",""
"1766","py20160224","356","长安V5","3","2016-02-24 23:18:12","python","",""
"1767","py20160224","236","捷豹XE","3","2016-02-24 23:18:12","python","",""
"1768","py20160224","326","艾菲","3","2016-02-24 23:18:12","python","",""
"1769","py20160224","273","力帆820","3","2016-02-24 23:18:12","python","",""
"1770","py20160224","268","讴歌TLX","3","2016-02-24 23:18:12","python","",""
"1771","py20160224","233","创酷","3","2016-02-24 23:18:12","python","",""
"1772","py20160224","288","东风风神AX7","3","2016-02-24 23:18:12","python","",""
"1773","py20160224","231","宝骏610","3","2016-02-24 23:18:12","python","",""
"1774","py20160224","357","启腾M70","3","2016-02-24 23:18:12","python","",""
"1775","py20160224","222","福睿斯","3","2016-02-24 23:18:12","python","",""
"1776","py20160224","302","传祺GA6","3","2016-02-24 23:18:12","python","",""
"1777","py20160224","276","瑞风M3","3","2016-02-24 23:18:12","python","",""
"1778","py20160224","358","卡威K1","3","2016-02-24 23:18:12","python","",""
"1779","py20160224","354","北汽幻速S3","3","2016-02-24 23:18:12","python","",""
"1780","py20160224","340","迈凯伦650S","3","2016-02-24 23:18:12","python","",""
"1781","py20160224","317","开瑞K50","3","2016-02-24 23:18:12","python","",""
"1782","py20160224","256","起亚K3S","3","2016-02-24 23:18:12","python","",""
"1783","py20160224","359","泰卡特","3","2016-02-24 23:18:12","python","",""
"1784","py20160224","276","江淮iEV","3","2016-02-24 23:18:12","python","",""
"1785","py20160224","289","瑞虎3","3","2016-02-24 23:18:12","python","",""
"1786","py20160224","289","艾瑞泽5","3","2016-02-24 23:18:12","python","",""
"1787","py20160224","227","蒂维拉","3","2016-02-24 23:18:13","python","",""
"1788","py20160224","276","和悦A13","3","2016-02-24 23:18:13","python","",""
"1789","py20160224","276","和悦A13RS","3","2016-02-24 23:18:13","python","",""
"1790","py20160224","351","沃尔沃XC60","3","2016-02-24 23:18:13","python","",""
"1791","py20160224","231","宝骏730","3","2016-02-24 23:18:13","python","",""
"1792","py20160224","267","陆风X7","3","2016-02-24 23:18:13","python","",""
"1793","py20160224","269","景逸X3","3","2016-02-24 23:18:13","python","",""
"1794","py20160224","205","瑞奕","3","2016-02-24 23:18:13","python","",""
"1795","py20160224","213","凯路威","3","2016-02-24 23:18:13","python","",""
"1796","py20160224","279","绅宝X65","3","2016-02-24 23:18:13","python","",""
"1797","py20160224","351","XC","3","2016-02-24 23:18:13","python","",""
"1798","py20160224","298","悦翔V7","3","2016-02-24 23:18:13","python","",""
"1799","py20160224","305","众泰Z500","3","2016-02-24 23:18:13","python","",""
"1800","py20160224","354","北汽幻速S6","3","2016-02-24 23:18:13","python","",""
"1801","py20160224","279","绅宝D60","3","2016-02-24 23:18:13","python","",""
"1802","py20160224","279","北汽威旺T205-D","3","2016-02-24 23:18:13","python","",""
"1803","py20160224","216","雪铁龙C3-XR","3","2016-02-24 23:18:13","python","",""
"1804","py20160224","255","唐","3","2016-02-24 23:18:13","python","",""
"1805","py20160224","360","开沃D11","3","2016-02-24 23:18:13","python","",""
"1806","py20160224","361","艾威","3","2016-02-24 23:18:13","python","",""
"1807","py20160224","361","陆地方舟V5","3","2016-02-24 23:18:13","python","",""
"1808","py20160224","361","陆地方舟风尚","3","2016-02-24 23:18:13","python","",""
"1809","py20160224","280","风景G7","3","2016-02-24 23:18:13","python","",""
"1810","py20160224","221","雷克萨斯NX","3","2016-02-24 23:18:13","python","",""
"1811","py20160224","276","江淮K3","3","2016-02-24 23:18:13","python","",""
"1812","py20160224","276","江淮K5","3","2016-02-24 23:18:14","python","",""
"1813","py20160224","245","嘉华(进口)","3","2016-02-24 23:18:14","python","",""
"1814","py20160224","293","AMG","3","2016-02-24 23:18:14","python","",""
"1815","py20160224","240","捷恩斯","3","2016-02-24 23:18:14","python","",""
"1816","py20160224","296","哈弗H1","3","2016-02-24 23:18:14","python","",""
"1817","py20160224","281","黄海N1","3","2016-02-24 23:18:14","python","",""
"1818","py20160224","276","征途","3","2016-02-24 23:18:14","python","",""
"1819","py20160224","228","凌渡","3","2016-02-24 23:18:14","python","",""
"1820","py20160224","292","解放T80","3","2016-02-24 23:18:14","python","",""
"1821","py20160224","212","缤智","3","2016-02-24 23:18:14","python","",""
"1822","py20160224","288","东风风神L60","3","2016-02-24 23:18:14","python","",""
"1823","py20160224","220","雷凌","3","2016-02-24 23:18:14","python","",""
"1824","py20160224","362","骐铃T5","3","2016-02-24 23:18:14","python","",""
"1825","py20160224","225","豪情SUV","3","2016-02-24 23:18:14","python","",""
"1826","py20160224","270","猎豹CS10","3","2016-02-24 23:18:14","python","",""
"1827","py20160224","208","启辰R30","3","2016-02-24 23:18:14","python","",""
"1828","py20160224","320","广汽吉奥GX6","3","2016-02-24 23:18:14","python","",""
"1829","py20160224","320","广汽吉奥GP150","3","2016-02-24 23:18:14","python","",""
"1830","py20160224","363","赛麟野马","3","2016-02-24 23:18:14","python","",""
"1831","py20160224","363","赛麟科迈罗","3","2016-02-24 23:18:15","python","",""
"1832","py20160224","276","凌铃","3","2016-02-24 23:18:15","python","",""
"1833","py20160224","338","3","3","2016-02-24 23:18:15","python","",""
"1834","py20160224","288","东风风神A30","3","2016-02-24 23:18:15","python","",""
"1835","py20160224","364","知豆","3","2016-02-24 23:18:15","python","",""
"1836","py20160224","315","东风小康C36","3","2016-02-24 23:18:15","python","",""
"1837","py20160224","365","成功V1","3","2016-02-24 23:18:15","python","",""
"1838","py20160224","365","成功V2","3","2016-02-24 23:18:15","python","",""
"1839","py20160224","365","成功K1","3","2016-02-24 23:18:15","python","",""
"1840","py20160224","365","成功K2","3","2016-02-24 23:18:15","python","",""
"1841","py20160224","365","成功X1","3","2016-02-24 23:18:15","python","",""
"1842","py20160224","358","卡威W1","3","2016-02-24 23:18:15","python","",""
"1843","py20160224","298","长安之星7","3","2016-02-24 23:18:15","python","",""
"1844","py20160224","304","撼路者","3","2016-02-24 23:18:15","python","",""
"1845","py20160224","366","揽胜极光","3","2016-02-24 23:18:15","python","",""
"1846","py20160224","302","传祺GA3S视界","3","2016-02-24 23:18:15","python","",""
"1847","py20160224","298","长安之星3","3","2016-02-24 23:18:15","python","",""
"1848","py20160224","214","启悦","3","2016-02-24 23:18:15","python","",""
"1849","py20160224","224","中华V3","3","2016-02-24 23:18:15","python","",""
"1850","py20160224","367","EV系列","3","2016-02-24 23:18:15","python","",""
"1851","py20160224","348","英菲尼迪ESQ","3","2016-02-24 23:18:15","python","",""
"1852","py20160224","367","北汽新能源ES210","3","2016-02-24 23:18:15","python","",""
"1853","py20160224","276","瑞风S2","3","2016-02-24 23:18:15","python","",""
"1854","py20160224","276","帅铃T6","3","2016-02-24 23:18:15","python","",""
"1855","py20160224","264","锐行","3","2016-02-24 23:18:15","python","",""
"1856","py20160224","347","凯特","3","2016-02-24 23:18:15","python","",""
"1857","py20160224","368","英菲尼迪Q50L","3","2016-02-24 23:18:15","python","",""
"1858","py20160224","234","昂科威","3","2016-02-24 23:18:15","python","",""
"1859","py20160224","225","帝豪","3","2016-02-24 23:18:15","python","",""
"1860","py20160224","279","绅宝D20","3","2016-02-24 23:18:16","python","",""
"1861","py20160224","369","雷丁D50","3","2016-02-24 23:18:16","python","",""
"1862","py20160224","370","D-MAX","3","2016-02-24 23:18:16","python","",""
"1863","py20160224","210","发现神行(进口)","3","2016-02-24 23:18:16","python","",""
"1864","py20160224","231","五菱征程","3","2016-02-24 23:18:16","python","",""
"1865","py20160224","305","云100","3","2016-02-24 23:18:16","python","",""
"1866","py20160224","370","五十铃mu-X","3","2016-02-24 23:18:16","python","",""
"1867","py20160224","371","凯翼C3R","3","2016-02-24 23:18:16","python","",""
"1868","py20160224","226","本田XR-V","3","2016-02-24 23:18:16","python","",""
"1869","py20160224","371","凯翼C3","3","2016-02-24 23:18:16","python","",""
"1870","py20160224","225","博瑞","3","2016-02-24 23:18:16","python","",""
"1871","py20160224","368","英菲尼迪QX50","3","2016-02-24 23:18:16","python","",""
"1872","py20160224","372","华颂7","3","2016-02-24 23:18:16","python","",""
"1873","py20160224","373","康恩迪","3","2016-02-24 23:18:16","python","",""
"1874","py20160224","222","锐界","3","2016-02-24 23:18:16","python","",""
"1875","py20160224","208","启辰T70","3","2016-02-24 23:18:16","python","",""
"1876","py20160224","340","迈凯伦625C","3","2016-02-24 23:18:16","python","",""
"1877","py20160224","305","众泰Z700","3","2016-02-24 23:18:16","python","",""
"1878","py20160224","273","乐途","3","2016-02-24 23:18:16","python","",""
"1879","py20160224","290","标致308S","3","2016-02-24 23:18:16","python","",""
"1880","py20160224","316","揽福","3","2016-02-24 23:18:16","python","",""
"1881","py20160224","259","东南DX7","3","2016-02-24 23:18:16","python","",""
"1882","py20160224","325","海格H6C","3","2016-02-24 23:18:16","python","",""
"1883","py20160224","207","东风风度MX6","3","2016-02-24 23:18:16","python","",""
"1884","py20160224","325","海格H6V","3","2016-02-24 23:18:17","python","",""
"1885","py20160224","362","骐铃T7","3","2016-02-24 23:18:17","python","",""
"1886","py20160224","318","福瑞达M50","3","2016-02-24 23:18:17","python","",""
"1887","py20160224","330","中兴GX3","3","2016-02-24 23:18:17","python","",""
"1888","py20160224","374","奇瑞eQ","3","2016-02-24 23:18:17","python","",""
"1889","py20160224","355","英致737","3","2016-02-24 23:18:17","python","",""
"1890","py20160224","375","卡升C7","3","2016-02-24 23:18:17","python","",""
"1891","py20160224","375","卡升C10","3","2016-02-24 23:18:17","python","",""
"1892","py20160224","231","五菱荣光V","3","2016-02-24 23:18:17","python","",""
"1893","py20160224","354","北汽幻速H2","3","2016-02-24 23:18:17","python","",""
"1894","py20160224","256","起亚KX3","3","2016-02-24 23:18:17","python","",""
"1895","py20160224","376","迈巴赫S级","3","2016-02-24 23:18:17","python","",""
"1896","py20160224","205","索纳塔九","3","2016-02-24 23:18:17","python","",""
"1897","py20160224","279","绅宝D80","3","2016-02-24 23:18:17","python","",""
"1898","py20160224","280","伽途V3","3","2016-02-24 23:18:17","python","",""
"1899","py20160224","231","宝骏560","3","2016-02-24 23:18:17","python","",""
"1900","py20160224","206","奔驰GLE","3","2016-02-24 23:18:17","python","",""
"1901","py20160224","298","长安之星9","3","2016-02-24 23:18:17","python","",""
"1902","py20160224","302","传祺GS4","3","2016-02-24 23:18:17","python","",""
"1903","py20160224","222","金牛座","3","2016-02-24 23:18:17","python","",""
"1904","py20160224","260","奔腾B30","3","2016-02-24 23:18:17","python","",""
"1905","py20160224","315","东风小康K07S","3","2016-02-24 23:18:17","python","",""
"1906","py20160224","315","东风小康C31","3","2016-02-24 23:18:17","python","",""
"1907","py20160224","315","东风小康C32","3","2016-02-24 23:18:17","python","",""
"1908","py20160224","350","新凯威霆","3","2016-02-24 23:18:17","python","",""
"1909","py20160224","350","新凯凌特","3","2016-02-24 23:18:17","python","",""
"1910","py20160224","293","奔驰GLE","3","2016-02-24 23:18:17","python","",""
"1911","py20160224","364","知豆D1","3","2016-02-24 23:18:17","python","",""
"1912","py20160224","339","东风皮卡","3","2016-02-24 23:18:17","python","",""
"1913","py20160224","282","法拉利488","3","2016-02-24 23:18:17","python","",""
"1914","py20160224","327","金杯T30","3","2016-02-24 23:18:17","python","",""
"1915","py20160224","327","金杯T32","3","2016-02-24 23:18:17","python","",""
"1916","py20160224","230","宝马2系多功能旅行车","3","2016-02-24 23:18:17","python","",""
"1917","py20160224","280","图雅诺","3","2016-02-24 23:18:17","python","",""
"1918","py20160224","234","威朗","3","2016-02-24 23:18:17","python","",""
"1919","py20160224","316","雄师F22","3","2016-02-24 23:18:18","python","",""
"1920","py20160224","221","雷克萨斯RC","3","2016-02-24 23:18:18","python","",""
"1921","py20160224","327","华晨金杯750","3","2016-02-24 23:18:18","python","",""
"1922","py20160224","340","迈凯伦570S","3","2016-02-24 23:18:18","python","",""
"1923","py20160224","231","宝骏330","3","2016-02-24 23:18:18","python","",""
"1924","py20160224","292","佳宝V75","3","2016-02-24 23:18:18","python","",""
"1925","py20160224","292","佳宝V77","3","2016-02-24 23:18:18","python","",""
"1926","py20160224","305","芝麻E30","3","2016-02-24 23:18:18","python","",""
"1927","py20160224","255","宋","3","2016-02-24 23:18:18","python","",""
"1928","py20160224","298","欧尚","3","2016-02-24 23:18:18","python","",""
"1929","py20160224","269","景逸XV","3","2016-02-24 23:18:18","python","",""
"1930","py20160224","288","东风风神AX3","3","2016-02-24 23:18:18","python","",""
"1931","py20160224","269","风行S500","3","2016-02-24 23:18:18","python","",""
"1932","py20160224","305","大迈X5","3","2016-02-24 23:18:18","python","",""
"1933","py20160224","279","绅宝CC","3","2016-02-24 23:18:18","python","",""
"1934","py20160224","279","绅宝X55","3","2016-02-24 23:18:18","python","",""
"1935","py20160224","342","凯迪拉克CT6","3","2016-02-24 23:18:18","python","",""
"1936","py20160224","228","桑塔纳・浩纳","3","2016-02-24 23:18:18","python","",""
"1937","py20160224","340","迈凯伦540C","3","2016-02-24 23:18:18","python","",""
"1938","py20160224","208","LANNIA","3","2016-02-24 23:18:18","python","",""
"1939","py20160224","377","前途K50","3","2016-02-24 23:18:18","python","",""
"1940","py20160224","280","伽途V5","3","2016-02-24 23:18:18","python","",""
"1941","py20160224","364","知豆D2","3","2016-02-24 23:18:18","python","",""
"1942","py20160224","315","风光360","3","2016-02-24 23:18:18","python","",""
"1943","py20160224","315","风光330","3","2016-02-24 23:18:18","python","",""
"1944","py20160224","378","康迪K10","3","2016-02-24 23:18:18","python","",""
"1945","py20160224","378","康迪K11","3","2016-02-24 23:18:18","python","",""
"1946","py20160224","279","绅宝X25","3","2016-02-24 23:18:18","python","",""
"1947","py20160224","319","民意微卡","3","2016-02-24 23:18:18","python","",""
"1948","py20160224","281","黄海N2","3","2016-02-24 23:18:18","python","",""
"1949","py20160224","379","斯达泰克-揽胜","3","2016-02-24 23:18:18","python","",""
"1950","py20160224","379","斯达泰克-揽胜运动版","3","2016-02-24 23:18:18","python","",""
"1951","py20160224","379","斯达泰克-卫士","3","2016-02-24 23:18:18","python","",""
"1952","py20160224","219","Fortuner","3","2016-02-24 23:18:18","python","",""
"1953","py20160224","310","西部牛仔","3","2016-02-24 23:18:18","python","",""
"1954","py20160224","317","杰虎","3","2016-02-24 23:18:19","python","",""
"1955","py20160224","264","荣威360","3","2016-02-24 23:18:19","python","",""
"1956","py20160224","214","维特拉","3","2016-02-24 23:18:19","python","",""
"1957","py20160224","226","哥瑞","3","2016-02-24 23:18:19","python","",""
"1958","py20160224","238","奔驰GLC","3","2016-02-24 23:18:19","python","",""
"1959","py20160224","310","小金牛","3","2016-02-24 23:18:19","python","",""
"1960","py20160224","380","科雷嘉","3","2016-02-24 23:18:19","python","",""
"1961","py20160224","366","发现神行","3","2016-02-24 23:18:19","python","",""
"1962","py20160224","381","自由光","3","2016-02-24 23:18:19","python","",""
"1963","py20160224","216","C4世嘉","3","2016-02-24 23:18:19","python","",""
"1964","py20160224","354","北汽幻速H3","3","2016-02-24 23:18:19","python","",""
"1965","py20160224","212","锋范","3","2016-02-24 23:18:19","python","",""
"1966","py20160224","357","启腾EX80","3","2016-02-24 23:18:19","python","",""
"1967","py20160224","321","小老虎","3","2016-02-24 23:18:19","python","",""
"1968","py20160224","367","EU系列","3","2016-02-24 23:18:19","python","",""
"1969","py20160224","346","大海师G6","3","2016-02-24 23:18:19","python","",""
"1970","py20160224","346","大海师X5","3","2016-02-24 23:18:19","python","",""
"1971","py20160224","263","圣达菲","3","2016-02-24 23:18:19","python","",""
"1972","py20160224","310","智尚S35","3","2016-02-24 23:18:19","python","",""
"1973","py20160224","305","众泰SR7","3","2016-02-24 23:18:19","python","",""
"1974","py20160224","208","启辰T70X","3","2016-02-24 23:18:19","python","",""
"1975","py20160224","382","华凯皮卡","3","2016-02-24 23:18:19","python","",""
"1976","py20160224","279","北汽威旺M30","3","2016-02-24 23:18:19","python","",""
"1977","py20160224","233","乐风RV","3","2016-02-24 23:18:19","python","",""
"1978","py20160224","315","风光370","3","2016-02-24 23:18:19","python","",""
"1979","py20160224","221","雷克萨斯RX","3","2016-02-24 23:18:19","python","",""
"1980","py20160224","370","瑞迈","3","2016-02-24 23:18:19","python","",""
"1981","py20160224","231","五菱之光小卡","3","2016-02-24 23:18:19","python","",""
"1982","py20160224","256","起亚KX5","3","2016-02-24 23:18:19","python","",""
"1983","py20160224","327","海狮X30L","3","2016-02-24 23:18:19","python","",""
"1984","py20160224","355","英致727","3","2016-02-24 23:18:19","python","",""
"1985","py20160224","264","荣威e550","3","2016-02-24 23:18:19","python","",""
"1986","py20160224","362","骐铃T3","3","2016-02-24 23:18:19","python","",""
"1987","py20160224","280","伽途ix7","3","2016-02-24 23:18:19","python","",""
"1988","py20160224","280","伽途ix5","3","2016-02-24 23:18:19","python","",""
"1989","py20160224","213","蔚揽","3","2016-02-24 23:18:19","python","",""
"1990","py20160224","341","睿行M90","4","2016-02-24 23:18:19","python","",""
"1991","py20160224","341","神骐F30","4","2016-02-24 23:18:19","python","",""
"1992","py20160224","341","神骐F50","4","2016-02-24 23:18:19","python","",""
"1993","py20160304","218","Mustang","1","2016-03-04 11:36:25","python","",""
"1994","py20160304","345","观致5","3","2016-03-04 11:37:39","python","",""
"1995","py20160304","233","迈锐宝XL","4","2016-03-04 11:37:41","python","",""
"1996","py20160304","280","风景G9","4","2016-03-04 11:37:41","python","",""
"1997","py20160304","305","江南T11","4","2016-03-04 11:37:41","python","",""
"1998","py20160307","230","宝马2系旅行车(进口)","3","2016-03-07 16:47:35","python","",""
"1999","py20160307","279","北汽威旺M35","4","2016-03-07 16:47:39","python","",""
"2000","","253","昊锐","H","2016-03-07 17:22:00","wtcp","2016-03-07 17:22:00","wtcp"
"2001","","348","英菲尼迪G系","Y","2016-03-16 09:25:49","cbxcp","2016-03-16 09:25:49","cbxcp"
"2002","py20160316","384","经典全顺","2","2016-03-16 17:16:07","python","",""
"2003","py20160316","384","新世代全顺","2","2016-03-16 17:16:07","python","",""
"2004","py20160316","384","撼路者","3","2016-03-16 17:16:19","python","",""
"2005","py20160316","206","奔驰GLS","3","2016-03-16 17:16:20","python","",""
"2006","py20160316","297","奔驰V级","3","2016-03-16 17:16:21","python","",""
"2007","py20160316","315","东风风光360","3","2016-03-16 17:16:21","python","",""
"2008","py20160316","315","东风风光330","3","2016-03-16 17:16:21","python","",""
"2009","py20160316","298","长安CS15","3","2016-03-16 17:16:22","python","",""
"2010","py20160316","315","东风风光370","3","2016-03-16 17:16:22","python","",""
"2011","py20160316","276","江淮iEV6S","3","2016-03-16 17:16:22","python","",""
"2012","py20160316","385","华泰iEV230","4","2016-03-16 17:16:22","python","",""
"2013","py20160316","255","比亚迪e5","4","2016-03-16 17:16:22","python","",""
"2014","","289","瑞虎","R","2016-03-18 16:41:03","cbxcp","2016-03-18 16:41:03","cbxcp"
"2015","","258","马自达6","M","2016-03-23 12:15:00","cbxcp","2016-03-23 12:15:00","cbxcp"
"2016","","279","E系列","E","2016-03-25 09:37:36","wtcp","2016-03-25 09:37:36","wtcp"
"2017","","224","中华骏捷SFV","Z","2016-03-26 11:13:05","zxzxs","2016-03-26 11:13:05","zxzxs"
"2018","","283","科帕奇(进口)","K","2016-03-29 14:34:34","cbxcp","2016-03-29 14:34:34","cbxcp"
"2019","","235","沃尔沃C70","W","2016-03-29 17:32:23","dzpzp","2016-03-29 17:32:23","dzpzp"
"2020","py20160403","247","Levante","2","2016-04-03 01:11:53","python","",""
"2021","py20160403","228","桑塔纳","2","2016-04-03 01:12:01","python","",""
"2022","py20160403","341","神骐T20","2","2016-04-03 01:12:01","python","",""
"2023","py20160403","225","博越","3","2016-04-03 01:12:09","python","",""
"2024","py20160403","384","途睿欧","3","2016-04-03 01:12:09","python","",""
"2025","py20160403","293","奔驰GLS","3","2016-04-03 01:12:10","python","",""
"2026","py20160403","386","宝沃BX7","3","2016-04-03 01:12:10","python","",""
"2027","py20160403","318","昌河Q25","3","2016-04-03 01:12:10","python","",""
"2028","py20160403","209","宝马2系旅行车","3","2016-04-03 01:12:10","python","",""
"2029","py20160403","208","西玛","3","2016-04-03 01:12:10","python","",""
"2030","py20160403","205","领动","3","2016-04-03 01:12:10","python","",""
"2031","py20160403","199","高尔夫・嘉旅","3","2016-04-03 01:12:10","python","",""
"2032","py20160403","261","海马V70","3","2016-04-03 01:12:10","python","",""
"2033","py20160403","310","大力神K5","4","2016-04-03 01:12:10","python","",""
"2034","","289","A3","A","2016-04-05 10:27:49","yjycp","2016-04-05 10:27:49","yjycp"
"2035","","252","蓝瑟","L","2016-04-07 10:59:00","wtcp","2016-04-07 10:59:00","wtcp"
"2036","","222","蒙迪欧-致胜","M","2016-04-10 14:56:22","dzpzp","2016-04-10 14:56:22","dzpzp"
"2037","","228","Passat领驭","P","2016-04-13 14:33:38","cbxcp","2016-04-13 14:33:38","cbxcp"
"2038","","224","中华骏捷FRV","Z","2016-04-14 15:15:02","cbxcp","2016-04-14 15:15:02","cbxcp"
"2039","","290","207","2","2016-04-15 10:45:29","abcp","2016-04-15 10:45:29","abcp"
"2040","","290","标志207","B","2016-04-15 10:45:59","abcp","2016-04-15 10:45:59","abcp"
"2041","","290","标致207","B","2016-04-15 10:54:26","abcp","2016-04-15 10:54:26","abcp"
"2042","","205","北京现代i30","B","2016-04-15 11:12:15","cjlcp","2016-04-15 11:12:15","cjlcp"
"2043","","383","荣威550","R","2016-04-15 13:32:19","cjlcp","2016-04-15 13:32:19","cjlcp"
"2044","","383","荣威350","R","2016-04-15 14:55:07","zxzxs","2016-04-15 14:55:07","zxzxs"
"2045","","220","雅力士","Y","2016-04-15 15:12:36","wtcp","2016-04-15 15:12:36","wtcp"
"2046","","210","揽胜极光（进口）","L","2016-04-15 16:28:02","zyccp","2016-04-15 16:28:02","zyccp"
"2047","","348","EX","E","2016-04-15 17:07:00","yjycp","2016-04-15 17:07:00","yjycp"
"2048","py20160416","304","驭胜S350","2","2016-04-16 18:50:10","python","",""
"2049","py20160416","288","东风A9","3","2016-04-16 18:50:27","python","",""
"2050","py20160416","225","帝豪GS","3","2016-04-16 18:50:27","python","",""
"2051","py20160416","326","九龙A4","3","2016-04-16 18:50:28","python","",""
"2052","py20160416","255","元","3","2016-04-16 18:50:29","python","",""
"2053","py20160416","302","传祺GA8","3","2016-04-16 18:50:29","python","",""
"2054","py20160416","292","森雅R7","3","2016-04-16 18:50:30","python","",""
"2055","py20160416","298","长安CX70","3","2016-04-16 18:50:30","python","",""
"2056","py20160416","374","奇瑞QQ3EV","3","2016-04-16 18:50:30","python","",""
"2057","py20160416","264","荣威e950","3","2016-04-16 18:50:30","python","",""
"2058","py20160416","342","凯迪拉克XT5","3","2016-04-16 18:50:31","python","",""
"2059","py20160416","354","北汽幻速H3F","3","2016-04-16 18:50:31","python","",""
"2060","","225","吉利SX7","J","2016-04-17 13:56:07","zycp","2016-04-17 13:56:07","zycp"
"2061","","296","炫丽","X","2016-04-17 15:13:38","zycp","2016-04-17 15:13:38","zycp"
"2062","","233","乐骋","L","2016-04-17 16:47:48","zycp","2016-04-17 16:47:48","zycp"
"2063","","228","桑塔纳经典","S","2016-04-17 17:37:41","zycp","2016-04-17 17:37:41","zycp"
"2064","","255","比亚迪F6","B","2016-04-18 10:45:00","cjlcp","2016-04-18 10:45:00","cjlcp"
"2065","","249","酷搏","K","2016-04-18 11:06:27","zlcp","2016-04-18 11:06:27","zlcp"
"2066","","298","睿行","R","2016-04-18 11:28:47","zyccp","2016-04-18 11:28:47","zyccp"
"2067","","205","雅绅特","Y","2016-04-18 14:16:28","lymcp","2016-04-18 14:16:28","lymcp"
"2068","","290","标致307","B","2016-04-18 16:38:26","zlcp","2016-04-18 16:38:26","zlcp"
"2069","","296","哈弗H3","H","2016-04-18 17:13:39","abcp","2016-04-18 17:13:39","abcp"
"2070","","269","景逸SUV","J","2016-04-18 17:32:37","abcp","2016-04-18 17:32:37","abcp"
"2071","","228","桑塔纳志俊","S","2016-04-18 17:55:39","cjlcp","2016-04-18 17:55:39","cjlcp"
"2072","py20160420","319","赛马","6","2016-04-20 20:40:50","python","",""
"2073","py20160420","210","第三代发现","7","2016-04-20 20:40:50","python","",""
"2074","py20160420","318","爱迪尔","7","2016-04-20 20:40:50","python","",""
"2075","py20160420","387","西耶那","9","2016-04-20 20:40:51","python","",""
"2076","py20160420","387","周末风","9","2016-04-20 20:40:51","python","",""
"2077","py20160420","237","科雷傲(进口)","6","2016-04-20 20:41:06","python","",""
"2078","py20160420","264","荣威e50","2","2016-04-20 20:41:23","python","",""
"2079","py20160420","296","哈弗H7","3","2016-04-20 20:41:26","python","",""
"2080","py20160420","279","北汽威旺S50","4","2016-04-20 20:41:33","python","",""
"2081","","348","英菲尼迪FX","Y","2016-04-27 11:44:35","dzpzp","2016-04-27 11:44:35","dzpzp"
"2082","py20160501","388","科雷傲(进口)","6","2016-05-01 02:35:00","python","",""
"2083","py20160501","279","北京80","2","2016-05-01 02:39:32","python","",""
"2084","py20160501","303","宝马M2","3","2016-05-01 02:41:03","python","",""
"2085","py20160501","227","途凌","3","2016-05-01 02:41:04","python","",""
"2086","py20160501","305","众泰E200","3","2016-05-01 02:41:29","python","",""
"2087","py20160501","278","北汽007","3","2016-05-01 02:41:52","python","",""
"2088","py20160501","269","风行F600","3","2016-05-01 02:41:58","python","",""
"2089","py20160501","355","英致G5","3","2016-05-01 02:42:07","python","",""
"2090","py20160501","201","马自达CX-4","3","2016-05-01 02:42:14","python","",""
"2091","py20160501","273","迈威","3","2016-05-01 02:42:14","python","",""
"2092","py20160501","228","辉昂","4","2016-05-01 02:42:17","python","",""
"2093","","200","奥迪A4","A","2016-05-03 15:04:24","cbxcp","2016-05-03 15:04:24","cbxcp"
"2094","","213","大众Eos","D","2016-05-04 16:38:49","cbxcp","2016-05-04 16:38:49","cbxcp"
"2095","","296","金迪尔","J","2016-05-06 14:54:21","zxdhd","2016-05-06 14:54:21","zxdhd"
"2096","","224","中华骏捷Cross","Z","2016-05-06 15:31:38","wtcp","2016-05-06 15:31:38","wtcp"
"2097","","289","旗云3 ","Q","2016-05-07 11:31:17","dcp","2016-05-07 11:31:17","dcp"
"2098","","270","6481","6","2016-05-07 14:01:48","dcp","2016-05-07 14:01:48","dcp"
"2099","","289","旗云","Q","2016-05-09 11:52:46","wtcp","2016-05-09 11:52:46","wtcp"
"2100","","298","长安CX30","C","2016-05-10 15:58:58","htjcp","2016-05-10 15:58:58","htjcp"
"2101","","298","悦翔","Y","2016-05-11 10:42:53","zlcp","2016-05-11 10:42:53","zlcp"
"2102","","261","海福星","H","2016-05-11 13:33:34","zyccp","2016-05-11 13:33:34","zyccp"
"2103","","206","奔驰GLK级(进口)","B","2016-05-11 14:22:06","zlcp","2016-05-11 14:22:06","zlcp"
"2104","","263","特拉卡","T","2016-05-11 14:22:21","lhcp","2016-05-11 14:22:21","lhcp"
"2105","","233","乐风","L","2016-05-12 13:14:02","zycp","2016-05-12 13:14:02","zycp"
"2106","","206","smart","S","2016-05-12 13:22:27","zlcp","2016-05-12 13:22:27","zlcp"
"2107","","240","酷派","K","2016-05-12 13:51:23","lhcp","2016-05-12 13:51:23","lhcp"
"2108","","240","新胜达(进口)","X","2016-05-13 09:31:55","zlcp","2016-05-13 09:31:55","zlcp"
"2109","py20160515","312","野马E70","3","2016-05-15 02:45:23","python","",""
"2110","py20160515","279","绅宝X35","3","2016-05-15 02:45:25","python","",""
"2111","py20160515","269","风行SX6","3","2016-05-15 02:45:28","python","",""
"2112","py20160515","371","凯翼X3","3","2016-05-15 02:45:29","python","",""
"2113","py20160515","340","迈凯伦570GT","4","2016-05-15 02:45:32","python","",""
"2114","py20160515","366","捷豹XFL","4","2016-05-15 02:45:33","python","",""
"2115","","220","YARiS L 致炫","Y","2016-05-15 11:35:28","abcp","2016-05-15 11:35:28","abcp"
"2116","","255","比亚迪G3R","B","2016-05-16 09:48:18","zycp","2016-05-16 09:48:18","zycp"
"2117","","276","同悦","T","2016-05-18 14:19:41","zyccp","2016-05-18 14:19:41","zyccp"
"2118","","289","威麟V5","W","2016-05-19 14:22:18","abcp","2016-05-19 14:22:18","abcp"
"2119","","304","陆风X7","L","2016-05-20 11:33:17","zlcp","2016-05-20 11:33:17","zlcp"
"2120","","354","北汽威旺M20","B","2016-05-20 11:43:26","cjlcp","2016-05-20 11:43:26","cjlcp"
"2121","","240","维拉克斯","W","2016-05-20 13:57:54","zlcp","2016-05-20 13:57:54","zlcp"
"2122","","208","颐达","Y","2016-05-20 17:24:58","htjcp","2016-05-20 17:24:58","htjcp"
"2123","","299","307CC","3","2016-05-21 15:34:22","htjcp","2016-05-21 15:34:22","htjcp"
"2124","","206","奔驰CLS级AMG","B","2016-05-21 16:19:22","htjcp","2016-05-21 16:19:22","htjcp"
"2125","","205","领翔","L","2016-05-22 11:20:57","zlcp","2016-05-22 11:20:57","zlcp"
"2126","","342","SLS赛威","S","2016-05-23 09:19:55","cjlcp","2016-05-23 09:19:55","cjlcp"
"2127","","305","众泰5008","Z","2016-05-23 18:03:55","zlcp","2016-05-23 18:03:55","zlcp"